,Region,Year,Crop Name,Harvested Acres,Yield,Production,Price P/U,Value
0,Eureka,1998.0,GRAPES WINE,85.0,,,,49500.0
1,Eureka,1999.0,GRAPES WINE,,,140.0,1204.0,168600.0
2,Eureka,2000.0,GRAPES WINE,,,140.0,1204.0,168600.0
3,Eureka,2001.0,GRAPES WINE,,,140.0,1204.0,168600.0
4,Eureka,2002.0,GRAPES WINE,,,140.0,1204.0,168600.0
5,Eureka,2003.0,GRAPES WINE,114.0,,,,237300.0
6,Eureka,2004.0,GRAPES WINE,114.0,,,,237300.0
7,Eureka,2005.0,GRAPES WINE,114.0,,,,237300.0
8,Eureka,2006.0,GRAPES WINE,114.0,,,,237300.0
9,Eureka,2007.0,GRAPES WINE,114.0,,,,237300.0
10,Eureka,2008.0,GRAPES WINE,114.0,,,,237300.0
11,Eureka,2009.0,GRAPES WINE,152.0,3.5,665.0,1120.0,491050.0
12,Eureka,2010.0,GRAPES WINE,137.0,3.065,437.0,1131.815,480500.0
13,Eureka,2011.0,GRAPES WINE,132.0,2.365,313.0,1132.145,350500.0
14,Eureka,2012.0,GRAPES WINE,137.0,1.915,253.0,1094.645,278500.0
15,Eureka,2013.0,GRAPES WINE,137.0,2.165,293.0,1188.395,347500.0
16,Eureka,2014.0,GRAPES WINE,160.0,2.9,464.0,1133.62,526000.0
17,Eureka,2015.0,GRAPES WINE,160.0,1.2,192.0,817.71,157000.0
18,Eureka,2016.0,GRAPES WINE,102.0,1.815,178.5,1419.85,224500.0
19,Eureka,2017.0,GRAPES WINE,107.0,2.215,255.0,1431.7649999999999,314500.0
20,Eureka,2018.0,GRAPES WINE,107.0,2.265,263.5,1433.71,325000.0
21,Eureka,2018.0,LETTUCE UNSPECIFIED,135.0,4.47,603.0,2482.59,1497000.0
22,Eureka,2019.0,GRAPES WINE,107.0,1.815,187.0,1364.705,218000.0
23,Eureka,2019.0,LETTUCE UNSPECIFIED,140.0,3.9,546.0,2360.81,1289000.0
24,Eureka,2020.0,GRAPES WINE,200.0,2.5,500.0,1000.0,500000.0
25,Eureka,2020.0,LETTUCE UNSPECIFIED,42.0,4.19,176.0,3517.05,619000.0
26,Fresno,1980.0,ALMONDS ALL,22360.5,0.45071428571428573,12321.357142857143,2970.785714285714,36443272.85714286
27,Fresno,1980.0,GRAPES WINE,18187.9,8.507000000000001,154987.2,190.9,26670044.0
28,Fresno,1980.0,LETTUCE UNSPECIFIED,5086.25,12.915,76009.75,273.0,16305907.5
29,Fresno,1980.0,TOMATOES PROCESSING,13768.416666666666,28.019166666666667,373374.1666666667,49.166666666666664,18270710.083333332
30,Fresno,1981.0,ALMONDS ALL,22398.64285714286,0.6214285714285713,14853.642857142857,1480.2857142857142,21362500.0
31,Fresno,1981.0,GRAPES WINE,17689.3,7.68,140529.9,232.3,29814745.0
32,Fresno,1981.0,LETTUCE UNSPECIFIED,4808.5,12.8,75165.5,253.75,12049672.5
33,Fresno,1981.0,TOMATOES PROCESSING,14011.75,24.72583333333333,342107.8333333333,51.166666666666664,17568526.666666668
34,Fresno,1982.0,ALMONDS ALL,22519.785714285714,0.48357142857142854,12529.857142857143,1747.357142857143,22009990.35714286
35,Fresno,1982.0,GRAPES WINE,16074.545454545454,8.738181818181818,151745.0909090909,163.9090909090909,22677640.454545453
36,Fresno,1982.0,LETTUCE UNSPECIFIED,4743.0,12.837499999999999,73897.5,270.75,15949889.5
37,Fresno,1982.0,TOMATOES PROCESSING,18975.0,26.377999999999997,506573.0,56.0,28178300.0
38,Fresno,1983.0,ALMONDS ALL,24062.428571428572,0.3364285714285714,9094.714285714286,2305.285714285714,21065000.0
39,Fresno,1983.0,GRAPES WINE,16823.363636363636,7.469090909090909,131206.63636363635,165.0909090909091,19943272.727272727
40,Fresno,1983.0,LETTUCE UNSPECIFIED,5070.25,14.967500000000001,89826.75,300.0,22138100.0
41,Fresno,1983.0,TOMATOES PROCESSING,18903.5,26.094,489007.2,53.9,26272100.0
42,Fresno,1984.0,ALMONDS ALL,25969.714285714286,1.0185714285714285,27164.0,1263.857142857143,33778071.428571425
43,Fresno,1984.0,GRAPES WINE,19534.1,7.625,146774.4,137.7,18699000.0
44,Fresno,1984.0,LETTUCE UNSPECIFIED,389.5,11.0,5982.0,361.5,1604000.0
45,Fresno,1984.0,TOMATOES PROCESSING,20370.3,27.689,570657.7,52.7,30026800.0
46,Fresno,1985.0,ALMONDS ALL,28370.071428571428,0.5664285714285714,17920.428571428572,1287.0,23405785.714285713
47,Fresno,1985.0,GRAPES WINE,19682.4,8.581,169875.6,123.3,19533900.0
48,Fresno,1985.0,LETTUCE UNSPECIFIED,416.0,10.71,6490.0,354.5,1710000.0
49,Fresno,1985.0,TOMATOES PROCESSING,18023.0,29.058999999999997,523552.6,52.1,27226500.0
50,Fresno,1986.0,ALMONDS ALL,29035.35714285714,0.3028571428571429,9451.857142857143,4019.4285714285716,37996414.28571428
51,Fresno,1986.0,GRAPES WINE,19947.6,8.534,157303.9,158.7,21785300.0
52,Fresno,1986.0,LETTUCE UNSPECIFIED,294.0,8.184999999999999,3152.5,382.0,1010000.0
53,Fresno,1986.0,TOMATOES PROCESSING,17205.0,30.645999999999997,539440.4,51.3,27624640.0
54,Fresno,1987.0,ALMONDS ALL,28943.071428571428,0.745,24542.5,2019.7857142857142,49790407.14285714
55,Fresno,1987.0,GRAPES WINE,18636.6,7.976000000000001,147774.2,174.8,23170900.0
56,Fresno,1987.0,LETTUCE UNSPECIFIED,70.0,5.0,350.0,460.0,161000.0
57,Fresno,1987.0,TOMATOES PROCESSING,17813.7,31.833,572315.5,46.4,26861000.0
58,Fresno,1988.0,ALMONDS ALL,28895.35714285714,0.6864285714285714,22299.285714285714,2023.142857142857,45610500.0
59,Fresno,1988.0,GRAPES WINE,19903.7,8.858,187128.0,225.2,38528500.0
60,Fresno,1988.0,LETTUCE UNSPECIFIED,80.0,5.0,400.0,460.0,184000.0
61,Fresno,1988.0,TOMATOES PROCESSING,18249.4,29.764999999999997,552542.8,48.1,26633900.0
62,Fresno,1989.0,ALMONDS ALL,28982.785714285714,0.5664285714285714,18400.0,2222.4285714285716,40001857.14285714
63,Fresno,1989.0,GRAPES WINE,20820.9,8.084999999999999,177603.0,223.6,36330100.0
64,Fresno,1989.0,LETTUCE UNSPECIFIED,90.0,5.0,450.0,460.0,207000.0
65,Fresno,1989.0,TOMATOES PROCESSING,21565.0,31.526999999999997,686836.0,53.5,37093490.0
66,Fresno,1990.0,ALMONDS ALL,29659.571428571428,0.7435714285714285,24279.714285714286,1742.9285714285713,42536350.0
67,Fresno,1990.0,GRAPES WINE,20666.0,8.384,182864.7,198.7,32390400.0
68,Fresno,1990.0,LETTUCE UNSPECIFIED,50.0,5.0,250.0,460.0,115000.0
69,Fresno,1990.0,TOMATOES PROCESSING,26810.0,29.811,848328.2,55.3,46201960.0
70,Fresno,1991.0,ALMONDS ALL,28245.35714285714,0.6035714285714285,18420.071428571428,2220.5714285714284,41185585.71428572
71,Fresno,1991.0,GRAPES WINE,20533.3,8.295,174327.5,220.9,33162300.0
72,Fresno,1991.0,LETTUCE UNSPECIFIED,40.0,5.0,200.0,460.0,92000.0
73,Fresno,1991.0,TOMATOES PROCESSING,27972.5,31.035000000000004,861315.0,54.3,46216660.0
74,Fresno,1992.0,ALMONDS ALL,28582.214285714286,0.6457142857142857,19888.64285714286,2438.9285714285716,48684878.571428575
75,Fresno,1992.0,GRAPES WINE,29065.6,8.795,277750.6,254.6,60062500.0
76,Fresno,1992.0,LETTUCE UNSPECIFIED,60.0,5.0,300.0,560.0,168000.0
77,Fresno,1992.0,TOMATOES PROCESSING,21763.6,34.211,751600.2,48.3,35236490.0
78,Fresno,1993.0,ALMONDS ALL,27880.8,0.638,18746.8,3679.133333333333,70590953.33333333
79,Fresno,1993.0,GRAPES WINE,26514.6,9.042,253717.5,263.9,56386900.0
80,Fresno,1993.0,LETTUCE UNSPECIFIED,40.0,5.0,200.0,550.0,110000.0
81,Fresno,1993.0,TOMATOES PROCESSING,26305.3,32.650999999999996,868408.8,47.9,40933160.0
82,Fresno,1994.0,ALMONDS ALL,29228.866666666665,0.8213333333333334,25809.2,2503.8,65175120.0
83,Fresno,1994.0,GRAPES WINE,24878.8,8.99,218025.0,266.3,49374900.0
84,Fresno,1994.0,LETTUCE UNSPECIFIED,30.0,5.0,150.0,560.0,84000.0
85,Fresno,1994.0,TOMATOES PROCESSING,28412.5,34.416,1038564.8,50.4,52574310.0
86,Fresno,1995.0,ALMONDS ALL,28411.466666666667,0.4653333333333334,12953.666666666666,4864.0,62959380.0
87,Fresno,1995.0,GRAPES WINE,27749.2,8.728,257888.1,340.8,69061400.0
88,Fresno,1995.0,LETTUCE UNSPECIFIED,40.0,5.0,200.0,560.0,112000.0
89,Fresno,1995.0,TOMATOES PROCESSING,30046.6,33.874,1049519.8,53.2,55987540.0
90,Fresno,1996.0,ALMONDS ALL,30024.4,0.6206666666666667,18635.333333333332,4180.333333333333,77577153.33333333
91,Fresno,1996.0,GRAPES WINE,31032.8,8.091,256410.6,407.7,82006700.0
92,Fresno,1996.0,TOMATOES PROCESSING,29261.1,34.626,1051244.9,53.4,55352840.0
93,Fresno,1997.0,ALMONDS ALL,30054.4,0.844,27694.4,3083.3333333333335,86248906.66666667
94,Fresno,1997.0,GRAPES WINE,33226.4,10.11,339087.6,384.6,104844900.0
95,Fresno,1997.0,TOMATOES PROCESSING,22422.272727272728,35.53545454545454,816049.8181818182,51.09090909090909,41648054.54545455
96,Fresno,1998.0,ALMONDS ALL,31578.866666666665,0.6140000000000001,19451.066666666666,3116.133333333333,60620120.0
97,Fresno,1998.0,GRAPES WINE,33383.9,8.588,279243.0,417.7,93929000.0
98,Fresno,1998.0,TOMATOES PROCESSING,26825.4,33.644,885651.7,53.9,47465230.0
99,Fresno,1999.0,ALMONDS ALL,36705.92857142857,0.8128571428571428,32684.5,1654.4285714285713,55348635.71428572
100,Fresno,1999.0,GRAPES WINE,43795.22222222222,8.168888888888889,304404.0,372.77777777777777,101505222.22222222
101,Fresno,1999.0,TOMATOES PROCESSING,32052.1,37.191,1213426.0,58.5,70417330.0
102,Fresno,2000.0,ALMONDS ALL,36720.857142857145,0.6699999999999999,26091.571428571428,2093.714285714286,55124428.571428575
103,Fresno,2000.0,GRAPES WINE,37637.11111111111,8.931111111111111,347505.55555555556,315.8888888888889,95999000.0
104,Fresno,2000.0,TOMATOES PROCESSING,27673.4,37.939,1055647.1,50.8,53544650.0
105,Fresno,2001.0,ALMONDS ALL,39535.28571428572,0.7442857142857143,32334.0,1815.857142857143,59725000.0
106,Fresno,2001.0,GRAPES WINE,37317.666666666664,7.80111111111111,287596.3333333333,302.22222222222223,76049555.55555555
107,Fresno,2001.0,TOMATOES PROCESSING,25511.4,34.742,899114.9,48.6,43541580.0
108,Fresno,2002.0,ALMONDS ALL,39628.0,0.8814285714285715,40180.57142857143,2103.9285714285716,86450457.14285715
109,Fresno,2002.0,GRAPES WINE,39748.333333333336,8.554444444444446,349131.6666666667,275.44444444444446,75609111.1111111
110,Fresno,2002.0,TOMATOES PROCESSING,28743.7,36.739,1095188.1,49.3,53839560.0
111,Fresno,2003.0,ALMONDS ALL,40449.42857142857,0.8878571428571428,37918.142857142855,2793.2314285714283,107166957.14285715
112,Fresno,2003.0,GRAPES WINE,36813.77777777778,8.224444444444444,299487.6666666667,265.96444444444444,67122211.1111111
113,Fresno,2003.0,TOMATOES PROCESSING,28216.9,32.617000000000004,1016492.7,51.38199999999999,54418160.0
114,Fresno,2004.0,ALMONDS ALL,42200.78571428572,0.8685714285714285,39698.0,4121.066428571428,167801485.7142857
115,Fresno,2004.0,GRAPES WINE,39585.77777777778,8.118888888888888,315550.6666666667,309.7011111111111,86731788.8888889
116,Fresno,2004.0,TOMATOES PROCESSING,25576.545454545456,40.54272727272728,1085660.0909090908,49.622727272727275,54009209.09090909
117,Fresno,2005.0,ALMONDS ALL,43434.5,0.7742857142857142,35905.0,5648.046428571428,204120314.2857143
118,Fresno,2005.0,GRAPES WINE,37959.22222222222,10.012222222222222,365647.22222222225,316.5433333333333,105866222.22222222
119,Fresno,2005.0,TOMATOES PROCESSING,28348.1,36.004000000000005,1074884.6,50.223,54492200.0
120,Fresno,2006.0,ALMONDS ALL,45643.42857142857,0.8392857142857143,41710.357142857145,4348.424285714286,179509907.14285713
121,Fresno,2006.0,GRAPES WINE,35143.444444444445,7.816666666666667,216365.44444444444,4291.942222222222,74101811.1111111
122,Fresno,2006.0,TOMATOES PROCESSING,29247.9,34.150999999999996,1019812.5,57.737,58368860.0
123,Fresno,2007.0,ALMONDS ALL,50643.857142857145,0.9764285714285714,52524.642857142855,3561.57,187205992.85714287
124,Fresno,2007.0,GRAPES WINE,34052.11111111111,8.615555555555556,304385.77777777775,303.0311111111111,83424811.1111111
125,Fresno,2007.0,TOMATOES PROCESSING,29725.9,40.1,1135761.0,63.926,78238040.0
126,Fresno,2008.0,ALMONDS ALL,53787.71428571428,0.9907142857142857,59811.92857142857,2849.074285714286,172514528.57142857
127,Fresno,2008.0,GRAPES WINE,35976.22222222222,9.408888888888889,343381.77777777775,344.91777777777776,105279888.8888889
128,Fresno,2008.0,TOMATOES PROCESSING,26799.9,41.961,1175258.3,71.041,83854700.0
129,Fresno,2009.0,ALMONDS ALL,54870.0,0.9085714285714285,52446.142857142855,3107.13,168096328.57142857
130,Fresno,2009.0,GRAPES WINE,34630.11111111111,10.151111111111112,335772.8888888889,344.9566666666667,107406733.33333333
131,Fresno,2009.0,TOMATOES PROCESSING,29637.5,42.826,1336000.8,80.256,107998030.0
132,Fresno,2010.0,ALMONDS ALL,59716.42857142857,0.9435714285714286,59046.42857142857,3361.9035714285715,202842428.57142857
133,Fresno,2010.0,GRAPES WINE,34103.333333333336,10.284444444444444,337822.22222222225,349.58444444444444,108969111.1111111
134,Fresno,2010.0,TOMATOES PROCESSING,28653.0,44.939,1320670.0,66.017,87830700.0
135,Fresno,2011.0,ALMONDS ALL,62264.28571428572,1.03,72619.28571428571,3614.287142857143,264789071.42857143
136,Fresno,2011.0,GRAPES WINE,32389.0,9.885,306620.0,430.69399999999996,118559200.0
137,Fresno,2011.0,TOMATOES PROCESSING,24812.727272727272,46.37181818181818,1201272.7272727273,68.83,83270181.81818181
138,Fresno,2012.0,ALMONDS ALL,64287.142857142855,0.9678571428571429,70042.14285714286,4501.984285714286,316521642.85714287
139,Fresno,2012.0,GRAPES WINE,36186.0,10.399,351490.0,469.213,162084800.0
140,Fresno,2012.0,TOMATOES PROCESSING,25360.909090909092,49.02272727272727,1288218.1818181819,70.43545454545455,89699818.18181819
141,Fresno,2013.0,ALMONDS ALL,66848.57142857143,1.0235714285714286,75121.42857142857,5565.405,426929357.14285713
142,Fresno,2013.0,GRAPES WINE,29021.1,11.062999999999999,307270.0,475.746,144347700.0
143,Fresno,2013.0,TOMATOES PROCESSING,24749.090909090908,46.480909090909094,1159690.9090909092,71.28181818181818,81476909.0909091
144,Fresno,2014.0,ALMONDS ALL,73867.14285714286,0.9550000000000001,74022.14285714286,6958.7585714285715,541967142.8571428
145,Fresno,2014.0,GRAPES WINE,30247.0,9.849,282420.0,440.80100000000004,127334300.0
146,Fresno,2014.0,TOMATOES PROCESSING,25845.454545454544,50.289090909090916,1308818.1818181819,83.81181818181818,109932272.72727273
147,Fresno,2015.0,ALMONDS ALL,78603.57142857143,0.8985714285714286,74288.57142857143,6587.979285714287,506773928.5714286
148,Fresno,2015.0,GRAPES WINE,29931.0,9.904,272380.0,429.129,111778900.0
149,Fresno,2015.0,TOMATOES PROCESSING,27032.727272727272,48.296,1421700.0,79.958,109291454.54545455
150,Fresno,2016.0,ALMONDS ALL,85032.14285714286,0.9828571428571429,91641.42857142857,4893.214999999999,439508071.4285714
151,Fresno,2016.0,GRAPES WINE,31756.0,10.244,288320.0,467.56000000000006,132972400.0
152,Fresno,2016.0,TOMATOES PROCESSING,25101.0,50.32666666666667,1359888.888888889,72.23111111111112,91533900.0
153,Fresno,2017.0,ALMONDS ALL,83378.33333333333,0.958,90956.0,4715.190666666666,428172866.6666667
154,Fresno,2017.0,GRAPES WINE,30522.0,10.782,288570.0,474.991,127355200.0
155,Fresno,2017.0,TOMATOES PROCESSING,19489.090909090908,47.56909090909091,954181.8181818182,70.71545454545455,66173090.90909091
156,Fresno,2018.0,ALMONDS ALL,87840.86666666667,0.9366666666666668,90954.53333333334,4653.179999999999,427909400.0
157,Fresno,2018.0,GRAPES WINE,27226.454545454544,10.22181818181818,268348.0,609.8936363636363,120444727.27272727
158,Fresno,2018.0,TOMATOES PROCESSING,19966.363636363636,52.122727272727275,1088836.3636363635,72.70727272727272,77509818.18181819
159,Fresno,2019.0,ALMONDS ALL,92938.66666666667,0.916,99445.6,4952.192,499819000.0
160,Fresno,2019.0,GRAPES WINE,25084.333333333332,10.445,244328.66666666666,555.2441666666667,105347083.33333333
161,Fresno,2019.0,LETTUCE UNSPECIFIED,4080.0,17.67,72100.0,1350.28,97355000.0
162,Fresno,2019.0,TOMATOES PROCESSING,19796.363636363636,48.040909090909096,991863.6363636364,76.12909090909092,74073545.45454545
163,Fresno,2020.0,ALMONDS ALL,99938.0,1.1346666666666667,120532.0,3471.400666666667,436118333.3333333
164,Fresno,2020.0,GRAPES WINE,24514.583333333332,9.875,226990.33333333334,565.7183333333334,100254500.0
165,Fresno,2020.0,LETTUCE UNSPECIFIED,3880.0,11.88,46100.0,1306.01,60207000.0
166,Fresno,2020.0,TOMATOES PROCESSING,19264.545454545456,48.65,988827.2727272727,81.11545454545454,76471818.18181819
167,Palm Springs,1980.0,LETTUCE UNSPECIFIED,46972.0,7.93,372255.0,133.0,49652000.0
168,Palm Springs,1980.0,TOMATOES PROCESSING,350.0,39.0,13650.0,47.0,642000.0
169,Palm Springs,1981.0,LETTUCE UNSPECIFIED,38356.0,10.36,397214.0,143.0,56639000.0
170,Palm Springs,1981.0,TOMATOES PROCESSING,850.0,30.35,25800.0,51.0,1310000.0
171,Palm Springs,1982.0,LETTUCE UNSPECIFIED,61516.0,6.62,407164.0,354.0,143948000.0
172,Palm Springs,1982.0,TOMATOES PROCESSING,2317.0,36.21,83898.0,55.0,4614000.0
173,Palm Springs,1983.0,LETTUCE UNSPECIFIED,78049.0,5.54,432430.0,170.0,73567000.0
174,Palm Springs,1983.0,TOMATOES PROCESSING,3135.0,36.8,115368.0,54.0,6275000.0
175,Palm Springs,1984.0,LETTUCE UNSPECIFIED,31020.0,0.61,19060.0,130.0,2473000.0
176,Palm Springs,1984.0,TOMATOES PROCESSING,3785.0,32.49,122975.0,52.0,6396000.0
177,Palm Springs,1985.0,LETTUCE UNSPECIFIED,31753.0,1.14,36250.0,298.0,10813000.0
178,Palm Springs,1985.0,TOMATOES PROCESSING,3324.0,29.8,99055.0,51.0,5091000.0
179,Palm Springs,1986.0,LETTUCE UNSPECIFIED,31997.0,0.93,29669.0,338.0,10021000.0
180,Palm Springs,1986.0,TOMATOES PROCESSING,2999.0,36.94,110783.0,49.0,5373000.0
181,Palm Springs,1987.0,LETTUCE UNSPECIFIED,31466.0,1.5,47179.0,257.0,12115000.0
182,Palm Springs,1987.0,TOMATOES PROCESSING,2510.0,31.0,77810.0,46.0,3600000.0
183,Palm Springs,1988.0,TOMATOES PROCESSING,4017.0,35.8,143808.0,48.0,6932000.0
184,Palm Springs,1989.0,TOMATOES PROCESSING,11200.0,31.87,356944.0,52.0,18597000.0
185,Palm Springs,1990.0,TOMATOES PROCESSING,10400.0,32.2,334900.0,55.0,18486000.0
186,Palm Springs,1992.0,TOMATOES PROCESSING,1877.0,36.0,67572.0,53.0,3559000.0
187,Palm Springs,1993.0,TOMATOES PROCESSING,2500.0,35.13,87830.0,57.0,5050000.0
188,Palm Springs,1994.0,TOMATOES PROCESSING,1656.0,27.81,46053.0,54.0,2487000.0
189,Palm Springs,1995.0,TOMATOES PROCESSING,1028.0,44.1,45332.0,54.0,2443000.0
190,Palm Springs,1996.0,TOMATOES PROCESSING,808.0,42.33,34203.0,55.0,1870000.0
191,Palm Springs,1999.0,TOMATOES PROCESSING,1591.0,41.1,65390.0,72.0,4709000.0
192,Palm Springs,2000.0,TOMATOES PROCESSING,316.0,27.0,8532.0,85.0,725000.0
193,Riverside,1980.0,GRAPES WINE,5880.5,3.885,19154.0,186.0,2993650.0
194,Riverside,1980.0,LETTUCE UNSPECIFIED,5109.0,9.605,67856.0,239.5,8515200.0
195,Riverside,1980.0,TOMATOES PROCESSING,910.0,31.32,28505.0,47.0,1343700.0
196,Riverside,1981.0,GRAPES WINE,5198.5,2.96,12253.5,283.0,3150600.0
197,Riverside,1981.0,LETTUCE UNSPECIFIED,4817.5,12.555,77929.5,300.5,21799200.0
198,Riverside,1981.0,TOMATOES PROCESSING,1051.0,31.28,32872.0,49.0,1611900.0
199,Riverside,1982.0,GRAPES WINE,4786.5,3.285,15460.0,216.0,3118700.0
200,Riverside,1982.0,LETTUCE UNSPECIFIED,5185.5,10.96,56011.5,317.0,17409350.0
201,Riverside,1982.0,TOMATOES PROCESSING,1600.0,42.0,67200.0,55.0,3696000.0
202,Riverside,1983.0,GRAPES WINE,4591.5,3.355,13856.0,197.5,2486050.0
203,Riverside,1983.0,LETTUCE UNSPECIFIED,5440.5,12.885000000000002,75791.5,307.0,17333300.0
204,Riverside,1983.0,TOMATOES PROCESSING,2170.0,35.81,77708.0,53.0,4085100.0
205,Riverside,1984.0,GRAPES WINE,4580.5,3.005,12059.0,223.0,2502850.0
206,Riverside,1984.0,TOMATOES PROCESSING,3190.0,27.32,87151.0,51.0,4436900.0
207,Riverside,1985.0,GRAPES WINE,4483.0,2.985,12311.0,259.5,3037300.0
208,Riverside,1985.0,TOMATOES PROCESSING,780.0,27.19,21208.0,48.0,1018000.0
209,Riverside,1986.0,GRAPES WINE,3804.0,3.15,11065.0,256.5,3177650.0
210,Riverside,1986.0,TOMATOES PROCESSING,470.0,32.0,15040.0,48.0,729400.0
211,Riverside,1987.0,GRAPES WINE,3335.0,3.27,10771.5,298.5,3393850.0
212,Riverside,1987.0,TOMATOES PROCESSING,327.0,31.09,10166.0,50.0,507100.0
213,Riverside,1988.0,GRAPES WINE,3166.5,3.13,9981.0,411.0,4308950.0
214,Riverside,1988.0,TOMATOES PROCESSING,445.0,31.0,13795.0,48.0,660200.0
215,Riverside,1989.0,GRAPES WINE,2558.5,3.54,8793.0,418.5,3972050.0
216,Riverside,1989.0,TOMATOES PROCESSING,827.0,34.0,28118.0,56.0,1583300.0
217,Riverside,1990.0,GRAPES WINE,1755.5,2.295,4438.0,394.0,2350900.0
218,Riverside,1990.0,TOMATOES PROCESSING,857.0,33.0,28281.0,53.0,1493800.0
219,Riverside,1991.0,GRAPES WINE,1735.5,2.27,4318.5,374.5,2165750.0
220,Riverside,1992.0,GRAPES WINE,1709.0,3.01,5191.5,451.0,2638550.0
221,Riverside,1993.0,GRAPES WINE,1593.5,4.885,7582.0,321.0,2570850.0
222,Riverside,1994.0,GRAPES WINE,1634.5,3.5599999999999996,6128.5,368.0,2667000.0
223,Riverside,1995.0,GRAPES WINE,1606.5,1.83,3347.0,562.0,2488850.0
224,Riverside,1996.0,GRAPES WINE,1589.0,3.55,6374.5,732.5,5265000.0
225,Riverside,1997.0,GRAPES WINE,1410.5,5.609999999999999,8411.0,723.0,6802100.0
226,Riverside,1998.0,GRAPES WINE,1328.0,4.41,7485.0,760.0,7095500.0
227,Riverside,1999.0,GRAPES WINE,1360.0,3.9699999999999998,6229.0,770.0,5471950.0
228,Riverside,2000.0,GRAPES WINE,1501.0,2.68,6363.0,937.5,6188400.0
229,Riverside,2001.0,GRAPES WINE,1224.5,3.4050000000000002,5349.5,548.0,4694900.0
230,Riverside,2002.0,GRAPES WINE,727.5,3.64,2919.5,674.5,1973550.0
231,Riverside,2003.0,GRAPES WINE,723.0,3.5300000000000002,2421.0,720.72,1855100.0
232,Riverside,2004.0,GRAPES WINE,893.5,3.2249999999999996,2101.0,688.4,1416300.0
233,Riverside,2005.0,GRAPES WINE,896.0,5.28,2635.0,990.5450000000001,2569050.0
234,Riverside,2006.0,GRAPES WINE,818.0,3.6550000000000002,2134.0,976.685,2281150.0
235,Riverside,2007.0,GRAPES WINE,1066.0,2.415,1906.5,1351.565,2326500.0
236,Riverside,2008.0,GRAPES WINE,1168.0,2.87,2335.0,1064.67,2580200.0
237,Riverside,2009.0,GRAPES WINE,1068.5,2.81,3529.0,1361.63,3979650.0
238,Riverside,2010.0,GRAPES WINE,1323.0,2.175,3668.0,816.04,3838000.0
239,Riverside,2011.0,GRAPES WINE,1544.5,2.2649999999999997,3544.0,716.54,3486000.0
240,Riverside,2012.0,GRAPES WINE,1528.5,2.58,4629.0,919.56,5537000.0
241,Riverside,2013.0,GRAPES WINE,1470.0,2.3499999999999996,5442.5,1126.295,6907500.0
242,Riverside,2014.0,GRAPES WINE,1495.0,2.23,5422.0,1036.455,6875000.0
243,Riverside,2015.0,GRAPES WINE,1501.5,2.13,5085.5,986.0450000000001,6871500.0
244,Riverside,2016.0,GRAPES WINE,1449.0,1.4049999999999998,2846.0,1604.8600000000001,4942500.0
245,Riverside,2017.0,GRAPES WINE,1399.0,2.565,4577.0,1091.67,6764000.0
246,Riverside,2018.0,GRAPES WINE,1266.5,2.08,4439.0,1414.325,7190500.0
247,Riverside,2018.0,LETTUCE UNSPECIFIED,47.0,12.85,604.0,741.72,448000.0
248,Riverside,2019.0,GRAPES WINE,974.5,2.5999999999999996,3451.0,1867.715,8448000.0
249,Riverside,2019.0,LETTUCE UNSPECIFIED,53.0,13.94,739.0,676.59,500000.0
250,Riverside,2020.0,GRAPES WINE,1056.0,3.665,5963.5,1781.13,9720000.0
251,Riverside,2020.0,LETTUCE UNSPECIFIED,43.0,13.4,576.0,647.57,373000.0
252,San Francisco,1980.0,ALMONDS ALL,3289.5,0.15,592.0,2837.0,1495500.0
253,San Francisco,1980.0,GRAPES WINE,9703.0,2.3266666666666667,29152.0,428.0,14717081.333333334
254,San Francisco,1980.0,LETTUCE UNSPECIFIED,10817.555555555555,12.809999999999999,164949.77777777778,235.77777777777777,31318762.777777776
255,San Francisco,1980.0,TOMATOES PROCESSING,2450.5,26.314999999999998,62921.5,53.0,3166752.75
256,San Francisco,1981.0,ALMONDS ALL,3127.5,0.08,295.5,1875.5,735250.0
257,San Francisco,1981.0,GRAPES WINE,9807.0,3.1566666666666663,32148.666666666668,538.6666666666666,18773017.333333332
258,San Francisco,1981.0,LETTUCE UNSPECIFIED,10798.222222222223,13.073333333333332,177752.22222222222,263.0,41449683.55555555
259,San Francisco,1981.0,TOMATOES PROCESSING,2580.0,25.5225,64978.25,58.5,3601134.75
260,San Francisco,1982.0,ALMONDS ALL,6079.0,0.04,261.0,1701.0,444000.0
261,San Francisco,1982.0,GRAPES WINE,11708.166666666666,3.6316666666666664,45213.0,502.5,22987825.666666668
262,San Francisco,1982.0,LETTUCE UNSPECIFIED,11913.75,15.08125,193755.375,241.25,37242670.5
263,San Francisco,1982.0,TOMATOES PROCESSING,2678.75,24.755,65637.75,59.5,3775667.0
264,San Francisco,1983.0,ALMONDS ALL,5979.0,0.03,179.0,1402.0,251000.0
265,San Francisco,1983.0,GRAPES WINE,11083.57142857143,2.8000000000000003,36071.42857142857,508.0,16323897.57142857
266,San Francisco,1983.0,LETTUCE UNSPECIFIED,11282.25,12.665000000000001,180030.125,306.25,50235020.25
267,San Francisco,1983.0,TOMATOES PROCESSING,2601.25,25.535,64673.75,57.25,3613086.75
268,San Francisco,1984.0,ALMONDS ALL,5979.0,0.04,251.0,1600.0,401600.0
269,San Francisco,1984.0,GRAPES WINE,11564.142857142857,3.2800000000000002,44763.57142857143,473.57142857142856,20134958.14285714
270,San Francisco,1984.0,LETTUCE UNSPECIFIED,2113.5,11.84,46803.0,300.6666666666667,11007000.0
271,San Francisco,1984.0,TOMATOES PROCESSING,2402.5,28.585,65533.25,53.5,3539971.25
272,San Francisco,1985.0,ALMONDS ALL,5949.0,0.01,36.0,1200.0,43200.0
273,San Francisco,1985.0,GRAPES WINE,13326.666666666666,3.6916666666666664,53303.333333333336,376.6666666666667,22263729.166666668
274,San Francisco,1985.0,LETTUCE UNSPECIFIED,2210.5,11.73,47009.333333333336,294.3333333333333,10360666.666666666
275,San Francisco,1985.0,TOMATOES PROCESSING,2410.0,27.88,65768.33333333333,52.666666666666664,3427309.3333333335
276,San Francisco,1986.0,ALMONDS ALL,5000.0,0.0,5.0,5000.0,25000.0
277,San Francisco,1986.0,GRAPES WINE,13682.0,3.2616666666666667,50505.0,414.6666666666667,22649466.666666668
278,San Francisco,1986.0,LETTUCE UNSPECIFIED,140.0,6.5,25017.5,357.0,6332500.0
279,San Francisco,1986.0,TOMATOES PROCESSING,1657.0,29.603333333333335,48593.666666666664,53.0,2563281.3333333335
280,San Francisco,1987.0,ALMONDS ALL,4911.0,0.02,122.0,2820.0,344000.0
281,San Francisco,1987.0,GRAPES WINE,11268.57142857143,3.011428571428571,42605.142857142855,521.5714285714286,21875822.85714286
282,San Francisco,1987.0,LETTUCE UNSPECIFIED,337.0,6.98,20926.666666666668,379.3333333333333,5074633.333333333
283,San Francisco,1987.0,TOMATOES PROCESSING,2175.0,30.09,64000.0,46.0,2969500.0
284,San Francisco,1988.0,ALMONDS ALL,4782.0,0.01,53.0,3509.0,186000.0
285,San Francisco,1988.0,GRAPES WINE,11938.714285714286,2.85,40499.57142857143,678.2857142857143,27494353.57142857
286,San Francisco,1988.0,LETTUCE UNSPECIFIED,75.0,5.31,398.0,410.0,163000.0
287,San Francisco,1988.0,TOMATOES PROCESSING,720.0,29.37,21867.0,49.666666666666664,1066366.6666666667
288,San Francisco,1989.0,ALMONDS ALL,4299.0,0.02,99.0,3747.0,371000.0
289,San Francisco,1989.0,GRAPES WINE,12646.57142857143,3.8528571428571428,49927.28571428572,858.8571428571429,42155918.571428575
290,San Francisco,1989.0,LETTUCE UNSPECIFIED,25.0,5.32,133.0,474.0,63000.0
291,San Francisco,1989.0,TOMATOES PROCESSING,1200.0,29.106666666666666,36082.0,54.0,1893989.0
292,San Francisco,1990.0,ALMONDS ALL,3299.0,0.01,36.0,4111.0,148000.0
293,San Francisco,1990.0,GRAPES WINE,11802.42857142857,3.4914285714285715,45583.857142857145,838.5714285714286,38231771.428571425
294,San Francisco,1990.0,TOMATOES PROCESSING,1230.0,26.179999999999996,36999.333333333336,55.0,2042366.6666666667
295,San Francisco,1991.0,ALMONDS ALL,2799.0,0.0,11.0,4000.0,44000.0
296,San Francisco,1991.0,GRAPES WINE,11726.714285714286,3.954285714285714,53500.0,864.1428571428571,46485957.14285714
297,San Francisco,1991.0,TOMATOES PROCESSING,1700.0,30.24,51400.0,54.0,2776000.0
298,San Francisco,1992.0,ALMONDS ALL,2400.0,0.03,77.0,3740.0,288000.0
299,San Francisco,1992.0,GRAPES WINE,12038.285714285714,4.088571428571429,54406.71428571428,861.5714285714286,47208085.71428572
300,San Francisco,1992.0,TOMATOES PROCESSING,657.0,31.08,20420.0,56.0,1152000.0
301,San Francisco,1993.0,ALMONDS ALL,2400.0,0.02,36.0,4583.0,165000.0
302,San Francisco,1993.0,GRAPES WINE,11273.714285714286,3.893333333333333,62195.833333333336,883.3333333333334,43275871.428571425
303,San Francisco,1993.0,TOMATOES PROCESSING,500.0,41.12,20560.0,57.0,1182000.0
304,San Francisco,1994.0,ALMONDS ALL,2200.0,0.04,88.0,4602.0,405000.0
305,San Francisco,1994.0,GRAPES WINE,11917.42857142857,3.453333333333333,59548.5,839.0,43738942.85714286
306,San Francisco,1994.0,TOMATOES PROCESSING,600.0,33.33,20000.0,61.0,1220000.0
307,San Francisco,1995.0,GRAPES WINE,11823.857142857143,3.483333333333334,54305.0,942.6666666666666,46899028.571428575
308,San Francisco,1996.0,GRAPES WINE,12300.5,3.54,59735.8,1161.2,61040900.0
309,San Francisco,1997.0,GRAPES WINE,11946.875,5.002857142857144,76363.71428571429,1291.0,91118475.0
310,San Francisco,1998.0,GRAPES WINE,12867.375,3.692857142857143,63166.57142857143,1299.5714285714287,78500650.0
311,San Francisco,1999.0,GRAPES WINE,10892.125,2.987142857142857,44190.42857142857,1517.4285714285713,62550500.0
312,San Francisco,1999.0,LETTUCE UNSPECIFIED,159.0,11.37,1808.0,191.0,346200.0
313,San Francisco,1999.0,TOMATOES PROCESSING,300.0,17.5,5250.0,35.0,184000.0
314,San Francisco,2000.0,GRAPES WINE,10664.285714285714,3.188333333333333,58588.666666666664,1577.5,87812800.0
315,San Francisco,2000.0,LETTUCE UNSPECIFIED,1037.5,9.39,9843.0,424.5,5956650.0
316,San Francisco,2000.0,TOMATOES PROCESSING,283.0,18.13,5130.0,38.0,197000.0
317,San Francisco,2001.0,GRAPES WINE,12177.75,3.7328571428571427,61644.857142857145,1543.0,90357700.0
318,San Francisco,2001.0,LETTUCE UNSPECIFIED,902.0,11.89,11672.0,362.0,4995100.0
319,San Francisco,2002.0,GRAPES WINE,15761.666666666666,3.19125,66591.125,1336.5,88784266.66666667
320,San Francisco,2002.0,LETTUCE UNSPECIFIED,142.0,13.5,1954.0,456.0,1120100.0
321,San Francisco,2003.0,GRAPES WINE,16593.777777777777,3.12,66990.0,1300.63,82173177.77777778
322,San Francisco,2003.0,LETTUCE UNSPECIFIED,122.0,14.155,1704.0,505.645,989800.0
323,San Francisco,2004.0,GRAPES WINE,19316.875,2.88,72884.375,1387.02,84446366.66666667
324,San Francisco,2004.0,LETTUCE UNSPECIFIED,239.5,13.775,3194.5,415.985,1439850.0
325,San Francisco,2005.0,GRAPES WINE,18483.333333333332,3.9699999999999998,110965.125,1430.4612499999998,123926666.66666667
326,San Francisco,2005.0,LETTUCE UNSPECIFIED,349.0,12.7,4432.0,510.04,2260500.0
327,San Francisco,2006.0,GRAPES WINE,18491.222222222223,3.6825,92517.625,1489.72,111273222.22222222
328,San Francisco,2006.0,LETTUCE UNSPECIFIED,433.0,12.9,5586.0,574.97,3211800.0
329,San Francisco,2007.0,GRAPES WINE,18640.444444444445,3.16,86712.375,1829.315,110006366.66666667
330,San Francisco,2007.0,LETTUCE UNSPECIFIED,590.0,10.8,6372.0,600.0,3823200.0
331,San Francisco,2008.0,GRAPES WINE,18834.222222222223,2.6687499999999997,72884.5,1804.43625,99615188.8888889
332,San Francisco,2008.0,LETTUCE UNSPECIFIED,580.0,11.0,6380.0,519.0,3311200.0
333,San Francisco,2009.0,GRAPES WINE,19070.222222222223,3.2824999999999998,90791.25,1724.69625,121217388.8888889
334,San Francisco,2009.0,LETTUCE UNSPECIFIED,580.0,11.0,6380.0,402.99,2571100.0
335,San Francisco,2010.0,GRAPES WINE,19275.222222222223,3.17625,86739.625,1842.06,101525111.1111111
336,San Francisco,2010.0,LETTUCE UNSPECIFIED,575.0,10.61,6100.0,411.64,2511000.0
337,San Francisco,2011.0,GRAPES WINE,19420.11111111111,2.43375,65649.125,1872.41375,85583444.44444445
338,San Francisco,2011.0,LETTUCE UNSPECIFIED,291.5,9.195,3761.5,1031.8700000000001,1293150.0
339,San Francisco,2012.0,GRAPES WINE,17799.875,3.931428571428572,83441.0,1893.544285714286,125468625.0
340,San Francisco,2012.0,LETTUCE UNSPECIFIED,261.5,9.52,3561.0,1539.78,2513600.0
341,San Francisco,2013.0,GRAPES WINE,19858.444444444445,3.955,99074.5,1888.0875,149107555.55555555
342,San Francisco,2013.0,LETTUCE UNSPECIFIED,84.0,17.02,1430.0,718.88,1028000.0
343,San Francisco,2014.0,GRAPES WINE,20178.444444444445,3.6912499999999997,94730.625,1854.04,145118666.66666666
344,San Francisco,2014.0,LETTUCE UNSPECIFIED,6.0,3.33,20.0,1450.0,29000.0
345,San Francisco,2015.0,GRAPES WINE,20185.0,2.52375,68667.5,2007.2525,108999222.22222222
346,San Francisco,2016.0,GRAPES WINE,20576.666666666668,3.15625,87261.25,2071.1475,146371666.66666666
347,San Francisco,2017.0,GRAPES WINE,20800.777777777777,3.01,84446.375,2134.1549999999997,147798777.7777778
348,San Francisco,2018.0,GRAPES WINE,20354.555555555555,3.44125,97386.5,2128.32875,174679111.1111111
349,San Francisco,2019.0,GRAPES WINE,20507.222222222223,3.0675,79467.0,2255.895,147602666.66666666
350,San Francisco,2020.0,GRAPES WINE,19856.777777777777,2.50625,59778.75,2141.67375,96003222.22222222
351,South Lake Tahoe,1980.0,ALMONDS ALL,,,12.0,3600.0,43200.0
352,South Lake Tahoe,1980.0,GRAPES WINE,481.0,2.145,1611.5,445.0,724950.0
353,South Lake Tahoe,1981.0,ALMONDS ALL,90.0,0.13,12.0,2100.0,25200.0
354,South Lake Tahoe,1981.0,GRAPES WINE,493.5,2.0300000000000002,1503.5,468.5,731300.0
355,South Lake Tahoe,1982.0,ALMONDS ALL,90.0,0.22,20.0,1800.0,36000.0
356,South Lake Tahoe,1982.0,GRAPES WINE,492.0,2.8433333333333337,1641.3333333333333,419.3333333333333,715466.6666666666
357,South Lake Tahoe,1983.0,ALMONDS ALL,90.0,0.18,16.0,2350.0,37600.0
358,South Lake Tahoe,1983.0,GRAPES WINE,565.0,3.2933333333333334,1401.0,433.0,567825.0
359,South Lake Tahoe,1984.0,ALMONDS ALL,,,10.0,2500.0,25000.0
360,South Lake Tahoe,1984.0,GRAPES WINE,666.3333333333334,2.86,1541.0,435.25,633600.0
361,South Lake Tahoe,1985.0,ALMONDS ALL,,,6.0,1400.0,8400.0
362,South Lake Tahoe,1985.0,GRAPES WINE,842.0,4.22,1866.3333333333333,544.0,803933.3333333334
363,South Lake Tahoe,1986.0,ALMONDS ALL,,,,,15600.0
364,South Lake Tahoe,1986.0,GRAPES WINE,616.0,2.8733333333333335,1551.25,478.25,618500.0
365,South Lake Tahoe,1987.0,ALMONDS ALL,,,14.0,2100.0,29400.0
366,South Lake Tahoe,1987.0,GRAPES WINE,633.6666666666666,2.776666666666667,1733.5,444.25,726975.0
367,South Lake Tahoe,1988.0,ALMONDS ALL,,,1.0,2900.0,2900.0
368,South Lake Tahoe,1988.0,GRAPES WINE,850.0,3.16,2032.0,550.6666666666666,1252700.0
369,South Lake Tahoe,1989.0,ALMONDS ALL,,,4.0,2375.0,9500.0
370,South Lake Tahoe,1989.0,GRAPES WINE,872.5,3.05,2277.0,639.3333333333334,1443833.3333333333
371,South Lake Tahoe,1990.0,ALMONDS ALL,,,4.0,1575.0,6300.0
372,South Lake Tahoe,1990.0,GRAPES WINE,623.3333333333334,2.3866666666666667,1656.0,674.75,932787.5
373,South Lake Tahoe,1991.0,GRAPES WINE,529.75,3.04,1748.5,605.0,943012.5
374,South Lake Tahoe,1992.0,ALMONDS ALL,31.0,0.61,19.0,237.0,4500.0
375,South Lake Tahoe,1992.0,GRAPES WINE,623.25,3.4,2439.5,681.75,1376471.0
376,South Lake Tahoe,1993.0,ALMONDS ALL,31.0,0.58,18.0,300.0,5400.0
377,South Lake Tahoe,1993.0,GRAPES WINE,652.0,3.1,2688.75,671.75,1473025.0
378,South Lake Tahoe,1994.0,GRAPES WINE,696.6,3.118,2345.4,682.8,1484480.0
379,South Lake Tahoe,1995.0,GRAPES WINE,724.4,3.2439999999999998,3324.4,759.8,2444220.0
380,South Lake Tahoe,1996.0,GRAPES WINE,767.6,3.7960000000000003,3311.4,954.2,2951780.0
381,South Lake Tahoe,1997.0,GRAPES WINE,780.0,4.022,3287.4,1015.8,3124300.0
382,South Lake Tahoe,1998.0,GRAPES WINE,834.8,2.934,2536.8,988.8,2420440.0
383,South Lake Tahoe,1999.0,GRAPES WINE,880.2,3.464,3438.4,1073.2,3478340.0
384,South Lake Tahoe,2000.0,GRAPES WINE,502.25,2.9475,1573.25,1151.0,1773600.0
385,South Lake Tahoe,2001.0,GRAPES WINE,533.75,2.5375,1501.75,1251.75,1814125.0
386,South Lake Tahoe,2002.0,GRAPES WINE,1132.6,2.93,3721.4,1109.0,3818240.0
387,South Lake Tahoe,2003.0,GRAPES WINE,1246.0,2.35,3393.2,1178.498,3548900.0
388,South Lake Tahoe,2004.0,GRAPES WINE,1279.8,2.686,4035.4,1156.278,4306780.0
389,South Lake Tahoe,2005.0,GRAPES WINE,1343.6,2.7079999999999997,4122.6,1147.432,4302260.0
390,South Lake Tahoe,2006.0,GRAPES WINE,1324.6,2.816,4466.2,1121.35,4846360.0
391,South Lake Tahoe,2007.0,GRAPES WINE,1315.2,2.842,4193.8,1168.492,4664480.0
392,South Lake Tahoe,2008.0,GRAPES WINE,1351.4,2.3579999999999997,3740.4,1209.172,4619380.0
393,South Lake Tahoe,2009.0,GRAPES WINE,1261.6,4.236,4313.4,995.6220000000001,4433960.0
394,South Lake Tahoe,2010.0,GRAPES WINE,1089.3333333333333,2.6633333333333336,2998.6666666666665,1042.9416666666666,3261900.0
395,South Lake Tahoe,2011.0,GRAPES WINE,1140.5,6.148333333333333,3097.3333333333335,1105.68,3640866.6666666665
396,South Lake Tahoe,2012.0,GRAPES WINE,1231.5,6.206666666666667,3664.3333333333335,1163.695,4564000.0
397,South Lake Tahoe,2013.0,GRAPES WINE,1271.5,2.6816666666666666,4040.3333333333335,1251.3533333333332,5372800.0
398,South Lake Tahoe,2014.0,GRAPES WINE,1465.8,2.504,4215.8,1308.706,5583600.0
399,South Lake Tahoe,2015.0,GRAPES WINE,1615.0,1.8399999999999999,3815.4,1343.028,5178000.0
400,South Lake Tahoe,2016.0,GRAPES WINE,1557.2,2.498,4593.6,1362.022,6301800.0
401,South Lake Tahoe,2017.0,ALMONDS ALL,50.0,,,,20900.0
402,South Lake Tahoe,2017.0,GRAPES WINE,1616.4,2.636,5139.6,1390.3319999999999,7375000.0
403,South Lake Tahoe,2018.0,ALMONDS ALL,50.0,1.0,50.0,4360.0,218000.0
404,South Lake Tahoe,2018.0,GRAPES WINE,1756.0,2.9059999999999997,5849.6,1405.434,8362400.0
405,South Lake Tahoe,2019.0,ALMONDS ALL,180.0,0.29,52.0,5019.23,261000.0
406,South Lake Tahoe,2019.0,GRAPES WINE,1744.0,3.0300000000000002,5837.6,1443.9560000000001,8171600.0
407,South Lake Tahoe,2020.0,ALMONDS ALL,180.0,0.12,21.0,1980.95,41600.0
408,South Lake Tahoe,2020.0,GRAPES WINE,2241.75,2.5833333333333335,6803.333333333333,1397.62,7755750.0
409,Unknown Region,1980.0,ALMONDS ALL,67000.4,0.35,35811.0,2160.4,104831504.0
410,Unknown Region,1980.0,GRAPES WINE,48134.833333333336,3.6966666666666668,316075.1666666667,434.0,73915797.33333333
411,Unknown Region,1980.0,LETTUCE UNSPECIFIED,46440.75,11.1125,605683.5,170.75,109099723.75
412,Unknown Region,1980.0,TOMATOES PROCESSING,57576.25,28.04,1300267.8,47.6,63081046.4
413,Unknown Region,1981.0,ALMONDS ALL,66952.0,0.48200000000000004,43138.8,1424.2,61959234.0
414,Unknown Region,1981.0,GRAPES WINE,47031.333333333336,3.8349999999999995,291584.8333333333,478.8333333333333,84702203.66666667
415,Unknown Region,1981.0,LETTUCE UNSPECIFIED,42683.25,12.9075,634981.75,220.25,134968810.5
416,Unknown Region,1981.0,TOMATOES PROCESSING,47776.4,25.125999999999998,1173735.8,50.6,60233751.8
417,Unknown Region,1982.0,ALMONDS ALL,67149.6,0.346,36049.0,1714.4,63298953.0
418,Unknown Region,1982.0,GRAPES WINE,41263.25,3.82125,281705.0,423.875,72743732.375
419,Unknown Region,1982.0,LETTUCE UNSPECIFIED,64553.0,11.046666666666667,815323.3333333334,198.66666666666666,185042540.66666666
420,Unknown Region,1982.0,TOMATOES PROCESSING,51972.0,26.188,1378065.8,56.0,76796493.6
421,Unknown Region,1983.0,ALMONDS ALL,71311.4,0.22799999999999998,26003.8,2133.8,60158330.0
422,Unknown Region,1983.0,GRAPES WINE,38638.88888888889,3.4033333333333333,220441.0,380.44444444444446,55295759.222222224
423,Unknown Region,1983.0,LETTUCE UNSPECIFIED,68563.0,11.316666666666668,819760.3333333334,267.0,206706720.66666666
424,Unknown Region,1983.0,TOMATOES PROCESSING,51847.0,28.054000000000002,1375460.2,54.2,74284689.4
425,Unknown Region,1984.0,ALMONDS ALL,76552.6,0.576,77637.0,1450.8,96547150.0
426,Unknown Region,1984.0,GRAPES WINE,40132.666666666664,3.5,232051.44444444444,362.8888888888889,57508140.777777776
427,Unknown Region,1984.0,LETTUCE UNSPECIFIED,19483.0,7.53,103216.5,215.5,22974000.0
428,Unknown Region,1984.0,TOMATOES PROCESSING,55876.4,28.572000000000003,1562616.0,52.8,82191637.0
429,Unknown Region,1985.0,ALMONDS ALL,83242.0,0.302,50834.0,1253.0,66367818.0
430,Unknown Region,1985.0,GRAPES WINE,40030.0,3.7266666666666666,258532.55555555556,354.44444444444446,57852415.0
431,Unknown Region,1985.0,LETTUCE UNSPECIFIED,19808.0,8.615,112879.0,190.5,25319500.0
432,Unknown Region,1985.0,TOMATOES PROCESSING,51252.8,30.651999999999997,1500858.8,52.4,78314985.6
433,Unknown Region,1986.0,ALMONDS ALL,84890.6,0.162,26808.2,3067.4,107673370.0
434,Unknown Region,1986.0,GRAPES WINE,40733.11111111111,3.663333333333333,244649.55555555556,384.8888888888889,62353583.333333336
435,Unknown Region,1986.0,LETTUCE UNSPECIFIED,17612.5,6.765,58004.5,221.0,14933000.0
436,Unknown Region,1986.0,TOMATOES PROCESSING,59200.0,32.835,1569290.4,50.4,79525768.8
437,Unknown Region,1987.0,ALMONDS ALL,84446.0,0.42800000000000005,69732.2,1931.0,141431508.0
438,Unknown Region,1987.0,GRAPES WINE,39055.22222222222,3.07,228879.66666666666,429.22222222222223,64631188.88888889
439,Unknown Region,1987.0,LETTUCE UNSPECIFIED,32210.0,1.65,110309.0,249.0,27499900.0
440,Unknown Region,1987.0,TOMATOES PROCESSING,48824.8,33.866,1582797.8,47.0,74232900.0
441,Unknown Region,1988.0,ALMONDS ALL,69840.83333333333,0.38,63224.8,1957.2,107768573.33333333
442,Unknown Region,1988.0,GRAPES WINE,40730.77777777778,3.58125,304299.875,533.375,90710964.55555555
443,Unknown Region,1988.0,LETTUCE UNSPECIFIED,80.5,5.15,798.0,435.0,175489.0
444,Unknown Region,1988.0,TOMATOES PROCESSING,50408.4,32.336,1575588.8,47.8,75717460.0
445,Unknown Region,1989.0,ALMONDS ALL,69798.66666666667,0.302,52066.6,1984.4,94381918.0
446,Unknown Region,1989.0,GRAPES WINE,41922.77777777778,4.5649999999999995,311786.0,654.125,114812450.66666667
447,Unknown Region,1989.0,LETTUCE UNSPECIFIED,58.5,5.07,583.0,463.0,135880.0
448,Unknown Region,1989.0,TOMATOES PROCESSING,57509.4,33.269999999999996,1853059.6,54.2,100161433.4
449,Unknown Region,1990.0,ALMONDS ALL,85169.0,0.5025000000000001,86015.5,1589.5,120371080.0
450,Unknown Region,1990.0,GRAPES WINE,46622.25,4.077142857142857,350141.14285714284,690.7142857142857,115367018.75
451,Unknown Region,1990.0,LETTUCE UNSPECIFIED,50.0,5.0,250.0,460.0,115000.0
452,Unknown Region,1990.0,TOMATOES PROCESSING,68547.0,31.580000000000002,2165469.8,53.6,117437020.0
453,Unknown Region,1991.0,ALMONDS ALL,81133.2,0.3025,64946.5,2079.0,116196932.0
454,Unknown Region,1991.0,GRAPES WINE,46660.5,4.805714285714286,355700.85714285716,707.2857142857143,133881781.25
455,Unknown Region,1991.0,LETTUCE UNSPECIFIED,40.0,5.0,200.0,460.0,92000.0
456,Unknown Region,1991.0,TOMATOES PROCESSING,59465.166666666664,34.628,2191116.8,54.6,100171133.33333333
457,Unknown Region,1992.0,ALMONDS ALL,102338.5,0.49,93734.33333333333,2315.6666666666665,172018300.0
458,Unknown Region,1992.0,GRAPES WINE,58314.875,4.541428571428571,503583.14285714284,728.7142857142857,167616423.0
459,Unknown Region,1992.0,LETTUCE UNSPECIFIED,31.0,5.0,300.0,560.0,87550.0
460,Unknown Region,1992.0,TOMATOES PROCESSING,45864.0,37.732,1890241.6,46.8,74144050.0
461,Unknown Region,1993.0,ALMONDS ALL,106641.25,0.53,94666.66666666667,3512.3333333333335,267115475.0
462,Unknown Region,1993.0,GRAPES WINE,54760.375,4.155714285714286,461133.5714285714,729.2857142857143,151193162.5
463,Unknown Region,1993.0,LETTUCE UNSPECIFIED,40.0,5.0,200.0,550.0,110000.0
464,Unknown Region,1993.0,TOMATOES PROCESSING,54628.833333333336,35.67,2156434.0,47.2,85292600.0
465,Unknown Region,1994.0,ALMONDS ALL,111659.75,0.6266666666666666,130082.0,2441.6666666666665,246341650.0
466,Unknown Region,1994.0,GRAPES WINE,53271.5,4.018571428571429,410451.28571428574,768.1428571428571,145760650.0
467,Unknown Region,1994.0,LETTUCE UNSPECIFIED,638.0,5.0,150.0,560.0,2989900.0
468,Unknown Region,1994.0,TOMATOES PROCESSING,58822.833333333336,36.312,2523219.0,52.6,107967183.33333333
469,Unknown Region,1995.0,ALMONDS ALL,144018.0,0.29000000000000004,65185.666666666664,4570.0,316785566.6666667
470,Unknown Region,1995.0,GRAPES WINE,64386.57142857143,4.098571428571428,460513.0,827.8571428571429,197969771.42857143
471,Unknown Region,1995.0,LETTUCE UNSPECIFIED,40.0,5.0,200.0,560.0,112000.0
472,Unknown Region,1995.0,TOMATOES PROCESSING,60706.0,35.019999999999996,2493080.4,52.8,111008700.0
473,Unknown Region,1996.0,ALMONDS ALL,114810.0,0.4466666666666666,93788.66666666667,4050.3333333333335,293220175.0
474,Unknown Region,1996.0,GRAPES WINE,67987.28571428571,4.25,527109.5,1048.3333333333333,229336757.14285713
475,Unknown Region,1996.0,TOMATOES PROCESSING,59786.833333333336,36.076,2500715.2,52.8,111513366.66666667
476,Unknown Region,1997.0,ALMONDS ALL,113943.0,0.7033333333333333,139429.33333333334,2970.0,325503000.0
477,Unknown Region,1997.0,GRAPES WINE,74284.85714285714,5.516666666666667,724369.5,1166.6666666666667,346576071.4285714
478,Unknown Region,1997.0,TOMATOES PROCESSING,50464.5,37.258,2152521.2,51.6,91812733.33333333
479,Unknown Region,1998.0,ALMONDS ALL,120362.75,0.49666666666666665,98033.33333333333,3139.6666666666665,229166500.0
480,Unknown Region,1998.0,GRAPES WINE,59330.11111111111,3.6087499999999997,444127.0,1243.125,233684366.66666666
481,Unknown Region,1998.0,TOMATOES PROCESSING,52908.0,35.324,2056217.0,54.2,93426283.33333333
482,Unknown Region,1999.0,ALMONDS ALL,130441.75,0.7133333333333334,153511.0,1622.6666666666667,195353325.0
483,Unknown Region,1999.0,GRAPES WINE,64595.666666666664,3.82125,423873.375,1341.0,226575466.66666666
484,Unknown Region,1999.0,LETTUCE UNSPECIFIED,283.5,11.37,1808.0,191.0,877900.0
485,Unknown Region,1999.0,TOMATOES PROCESSING,61906.666666666664,41.230000000000004,2770316.8,60.0,135760716.66666666
486,Unknown Region,2000.0,ALMONDS ALL,129860.5,0.48,122395.33333333333,2014.3333333333333,193876300.0
487,Unknown Region,2000.0,GRAPES WINE,64144.375,4.2325,486909.375,1355.75,291370025.0
488,Unknown Region,2000.0,LETTUCE UNSPECIFIED,1185.5,9.49,19686.0,605.0,6504350.0
489,Unknown Region,2000.0,TOMATOES PROCESSING,63585.8,43.766000000000005,2420099.4,49.4,121902140.0
490,Unknown Region,2001.0,ALMONDS ALL,186156.66666666666,0.63,151647.33333333334,1668.6666666666667,279913466.6666667
491,Unknown Region,2001.0,GRAPES WINE,60225.0,3.617777777777778,380391.6666666667,1296.0,254389277.7777778
492,Unknown Region,2001.0,LETTUCE UNSPECIFIED,1804.0,12.94,23344.0,428.0,9990200.0
493,Unknown Region,2001.0,TOMATOES PROCESSING,57773.2,40.120000000000005,2042909.8,48.0,99032640.0
494,Unknown Region,2002.0,ALMONDS ALL,186756.0,0.6966666666666667,188462.0,1879.0,405116400.0
495,Unknown Region,2002.0,GRAPES WINE,68398.0,3.5544444444444445,453906.22222222225,1302.4444444444443,268155277.7777778
496,Unknown Region,2002.0,LETTUCE UNSPECIFIED,284.0,13.76,3908.0,573.0,2240200.0
497,Unknown Region,2002.0,TOMATOES PROCESSING,64466.2,44.464,2462556.2,49.4,120879040.0
498,Unknown Region,2003.0,ALMONDS ALL,190758.66666666666,0.7599999999999999,178241.33333333334,2763.736666666666,503615400.0
499,Unknown Region,2003.0,GRAPES WINE,66932.44444444444,3.6166666666666663,405464.77777777775,1279.5011111111112,254533922.2222222
500,Unknown Region,2003.0,LETTUCE UNSPECIFIED,244.0,13.97,3408.0,580.87,1979600.0
501,Unknown Region,2003.0,TOMATOES PROCESSING,62417.4,40.998000000000005,2252170.2,50.302,119608960.0
502,Unknown Region,2004.0,ALMONDS ALL,190851.25,1.0,223566.0,2885.2725,598431805.5
503,Unknown Region,2004.0,GRAPES WINE,63963.7,3.489,383086.0,1202.993,241939011.4
504,Unknown Region,2004.0,LETTUCE UNSPECIFIED,1192.5,4.9399999999999995,6293.5,3545.75,17296631.0
505,Unknown Region,2004.0,TOMATOES PROCESSING,51271.0,40.526666666666664,2161548.8333333335,51.464999999999996,107290532.33333333
506,Unknown Region,2005.0,ALMONDS ALL,153840.75,0.63,168630.0,5752.28,720154755.0
507,Unknown Region,2005.0,GRAPES WINE,64009.5,3.847,473025.9,1162.408,334971930.0
508,Unknown Region,2005.0,LETTUCE UNSPECIFIED,963.5,6.97,6894.0,1148.93,7465630.0
509,Unknown Region,2005.0,TOMATOES PROCESSING,65889.8,40.506,2485534.0,51.565999999999995,126370972.0
510,Unknown Region,2006.0,ALMONDS ALL,161578.5,0.53,146962.75,179175.7725,633158475.0
511,Unknown Region,2006.0,GRAPES WINE,61606.7,3.8940000000000006,317913.7,1155.334,281209956.0
512,Unknown Region,2006.0,LETTUCE UNSPECIFIED,388.5,36.385,11301.0,670.72,7513720.0
513,Unknown Region,2006.0,TOMATOES PROCESSING,68398.6,44.776,2522330.2,53.63199999999999,138887572.0
514,Unknown Region,2007.0,ALMONDS ALL,179641.5,0.81,185679.75,5174.7975,664340625.0
515,Unknown Region,2007.0,GRAPES WINE,60712.9,4.365,391523.3,1195.889,289321090.0
516,Unknown Region,2007.0,LETTUCE UNSPECIFIED,826.0,13.665,10986.0,1083.34,11455000.0
517,Unknown Region,2007.0,TOMATOES PROCESSING,69733.8,44.898,2720460.4,65.674,186929160.0
518,Unknown Region,2008.0,ALMONDS ALL,190192.0,0.65,210755.75,13341.44,607111750.0
519,Unknown Region,2008.0,GRAPES WINE,69838.11111111111,3.356666666666667,451895.55555555556,1719.0211111111112,313667033.3333333
520,Unknown Region,2008.0,LETTUCE UNSPECIFIED,1907.3333333333333,334.54333333333335,79460.0,166.50333333333333,12559200.0
521,Unknown Region,2008.0,TOMATOES PROCESSING,58833.4,46.314,2579088.6,71.124,184000200.0
522,Unknown Region,2009.0,ALMONDS ALL,194469.5,1.9124999999999999,187351.0,2378.5875,594579950.0
523,Unknown Region,2009.0,GRAPES WINE,61781.0,4.889,424249.8,1210.779,326349710.0
524,Unknown Region,2009.0,LETTUCE UNSPECIFIED,1301.3333333333333,9.35,13630.0,607.75,6623900.0
525,Unknown Region,2009.0,TOMATOES PROCESSING,55976.833333333336,51.620000000000005,2530202.3333333335,83.31,205102850.0
526,Unknown Region,2010.0,ALMONDS ALL,211309.5,0.685,208219.5,4640.73,716037000.0
527,Unknown Region,2010.0,GRAPES WINE,61569.9,5.085,421255.7,1146.974,299495440.0
528,Unknown Region,2010.0,LETTUCE UNSPECIFIED,1566.3333333333333,9.68,18322.0,539.5666666666667,8432466.666666666
529,Unknown Region,2010.0,TOMATOES PROCESSING,58054.666666666664,51.028333333333336,2710116.6666666665,67.69333333333334,181687833.33333334
530,Unknown Region,2011.0,ALMONDS ALL,220172.5,0.81,255793.5,4476.0325,933310405.0
531,Unknown Region,2011.0,GRAPES WINE,63648.1,4.122,401544.1,1223.08,299947520.0
532,Unknown Region,2011.0,LETTUCE UNSPECIFIED,1085.0,10.07,13306.333333333334,492.28666666666663,5350100.0
533,Unknown Region,2011.0,TOMATOES PROCESSING,50767.666666666664,48.544999999999995,2429864.6666666665,68.92,168522666.66666666
534,Unknown Region,2012.0,ALMONDS ALL,227285.5,0.8674999999999999,247158.0,4927.4,1116674900.0
535,Unknown Region,2012.0,GRAPES WINE,71620.5,4.729,498717.5,1313.6789999999999,459065600.0
536,Unknown Region,2012.0,LETTUCE UNSPECIFIED,1105.0,10.753333333333336,14639.333333333334,515.4066666666666,6112473.333333333
537,Unknown Region,2012.0,TOMATOES PROCESSING,51556.666666666664,51.715,2597833.3333333335,74.37333333333333,181152666.66666666
538,Unknown Region,2013.0,ALMONDS ALL,236110.0,0.8575,264874.0,5962.4875,1504627550.0
539,Unknown Region,2013.0,GRAPES WINE,67604.88888888889,4.851111111111111,495461.8888888889,1455.1922222222222,488781088.8888889
540,Unknown Region,2013.0,LETTUCE UNSPECIFIED,1080.0,12.443333333333333,15760.666666666666,458.60666666666674,6538693.333333333
541,Unknown Region,2013.0,TOMATOES PROCESSING,50471.666666666664,47.473333333333336,2347866.6666666665,76.41833333333334,165410000.0
542,Unknown Region,2014.0,ALMONDS ALL,261077.5,0.775,260864.5,7806.7075,1909045350.0
543,Unknown Region,2014.0,GRAPES WINE,78007.375,4.29625,518625.25,1599.6225,535579625.0
544,Unknown Region,2014.0,LETTUCE UNSPECIFIED,1162.6666666666667,15.973333333333334,23120.666666666668,434.41333333333336,8503055.333333334
545,Unknown Region,2014.0,TOMATOES PROCESSING,62562.0,52.138,3152160.0,92.24199999999999,264952200.0
546,Unknown Region,2015.0,ALMONDS ALL,279650.5,0.645,262796.5,8051.085,1791470850.0
547,Unknown Region,2015.0,GRAPES WINE,62387.1,4.037999999999999,373771.8,1502.593,348401920.0
548,Unknown Region,2015.0,LETTUCE UNSPECIFIED,1007.3333333333334,15.25,18998.666666666668,511.25666666666666,7062710.0
549,Unknown Region,2015.0,TOMATOES PROCESSING,55650.333333333336,48.805,2653400.0,89.62,223966666.66666666
550,Unknown Region,2016.0,ALMONDS ALL,303434.0,0.7475,325429.5,6174.5025000000005,1561461260.0
551,Unknown Region,2016.0,GRAPES WINE,64783.6,4.4590000000000005,416075.1,1656.484,448793960.0
552,Unknown Region,2016.0,LETTUCE UNSPECIFIED,1848.6666666666667,9.03,19928.666666666668,623.0600000000001,10047466.666666666
553,Unknown Region,2016.0,TOMATOES PROCESSING,56202.0,44.682,2693880.0,88.376,204303000.0
554,Unknown Region,2017.0,ALMONDS ALL,324077.75,0.7475,347417.0,5703.6625,1638690295.0
555,Unknown Region,2017.0,GRAPES WINE,63918.1,5.154999999999999,413042.1,1681.9329999999998,450916820.0
556,Unknown Region,2017.0,LETTUCE UNSPECIFIED,1452.6666666666667,11.736666666666666,20947.333333333332,681.61,11936673.333333334
557,Unknown Region,2017.0,TOMATOES PROCESSING,48088.8,47.33,2317280.0,84.786,164260400.0
558,Unknown Region,2018.0,ALMONDS ALL,270737.4,0.6,276619.6,5492.116,1303577360.0
559,Unknown Region,2018.0,GRAPES WINE,63262.3,5.154,440571.3,1797.2540000000001,542811300.0
560,Unknown Region,2018.0,LETTUCE UNSPECIFIED,1630.6666666666667,11.136666666666665,23285.0,669.8033333333334,12369500.0
561,Unknown Region,2018.0,TOMATOES PROCESSING,61551.5,50.042500000000004,3281300.0,82.295,235858500.0
562,Unknown Region,2019.0,ALMONDS ALL,286400.0,0.7450000000000001,379849.5,4670.025,1527570080.0
563,Unknown Region,2019.0,GRAPES WINE,63742.0,4.844444444444445,464067.1111111111,1876.3111111111111,491862900.0
564,Unknown Region,2019.0,LETTUCE UNSPECIFIED,2909.0,13.205,61692.5,963.4100000000001,45300280.0
565,Unknown Region,2019.0,TOMATOES PROCESSING,79829.33333333333,51.47666666666667,3981233.3333333335,76.47333333333334,297699666.6666667
566,Unknown Region,2020.0,ALMONDS ALL,386582.5,0.865,460840.25,3482.375,1666812150.0
567,Unknown Region,2020.0,GRAPES WINE,69359.44444444444,4.387777777777778,407218.77777777775,1731.3088888888888,370919111.1111111
568,Unknown Region,2020.0,LETTUCE UNSPECIFIED,4092.5,10.114999999999998,43026.0,891.835,43657500.0
569,Unknown Region,2020.0,TOMATOES PROCESSING,77523.33333333333,52.99,3978766.6666666665,77.98,307816000.0
