year,city_name,lat,lon,temp,visibility,dew_point,feels_like,temp_min,temp_max,pressure,sea_level,grnd_level,humidity,wind_speed,wind_deg,wind_gust,rain_1h,rain_3h,snow_1h,snow_3h,clouds_all,weather_id,weather_main,weather_description,weather_icon
1979,Eureka,40.802071,-124.163673,54.10965658870508,9050.16077170418,49.72340901312037,52.72100627495722,51.95538049058756,56.46588134626355,1017.1493439817456,,,85.5660011409013,8.53550142612664,218.84517969195664,,0.8513149847094802,,,,59.439931545921276,800,Clear,sky is clear,01d
1979,Fresno,36.737798,-119.78712499999999,64.64904681331078,8925.766174801362,48.19091596164692,63.481381838691476,63.58916751269035,65.70828426395938,1014.7476593344613,,,59.90501974055274,5.29785222786238,230.11302876480542,27.77245283018868,0.800470588235294,,,,32.435081782289906,721,Haze,haze,50d
1979,Los Angeles,34.054908,-118.242643,67.19784703196348,,54.24486872146119,67.0276689497717,64.26345662100456,69.53495433789953,1014.3926940639269,,,67.3222602739726,4.177526255707762,161.56689497716894,,0.8707109004739336,,,,34.24440639269407,800,Clear,sky is clear,01d
1979,Palm Springs,33.830296,-116.545292,70.34748575336221,9954.362416107382,45.26068269888306,68.83359471164805,67.47233530886712,74.35466036015501,1013.6516981992249,,,47.06257123318897,4.949605653065876,227.30054707089127,30.447906976744186,0.5906818181818182,,0.2925,,29.401869158878505,800,Clear,sky is clear,01d
1979,Riverside,33.980601,-117.375494,63.46257648401827,,49.59375114155251,62.679500000000004,61.84504566210045,65.08515867579908,1014.5052511415525,,,65.03801369863014,3.1400502283105025,166.9041095890411,,0.7173551263001485,,0.11,,35.69748858447488,800,Clear,sky is clear,01d
1979,San Francisco,37.774929,-122.419415,57.83821917808219,,52.311272831050225,56.9336803652968,56.45175342465753,59.218910958904104,1016.2171232876713,,,82.82785388127854,8.533328767123288,235.96792237442924,,0.8829062087186261,,,,49.78230593607306,800,Clear,sky is clear,01d
1979,South Lake Tahoe,38.939926,-119.977187,43.42085762711865,9017.118997912317,30.372759322033897,40.74687344632768,41.51674124293785,45.39767570621469,1016.7866666666666,,,65.01954802259887,4.600077966101695,184.9813559322034,27.695736196319018,0.634016393442623,,0.7357859973579921,,45.681242937853106,800,Clear,sky is clear,01d
1980,Eureka,40.802071,-124.163673,53.760281001137656,8547.504025764896,49.39988054607509,52.43343117178612,51.59450056882821,56.19059613196815,1017.2998862343572,,,85.58589306029579,8.650990898748578,231.58179749715586,,0.8265565345080763,,,,58.743572241183166,500,Rain,light rain,10d
1980,Fresno,36.737798,-119.78712499999999,62.87313893844782,8164.104323953329,47.57321253345228,61.760960080285464,61.832976137377344,63.93638938447815,1014.9381132917039,,,61.41380463871543,5.389055530776093,233.89763603925067,27.05672131147541,0.8514285714285714,,,,33.68454504906334,520,Rain,light intensity shower rain,09d
1980,Los Angeles,34.054908,-118.242643,68.10552709471766,,54.610788934426225,68.06348929872495,65.0876320582878,70.49769239526411,1014.4162112932605,,,65.69558287795992,4.11107126593807,164.46220400728598,,1.0356435643564357,,,,34.135132058287795,803,Clouds,broken clouds,04d
1980,Palm Springs,33.830296,-116.545292,71.5929287419025,9914.455445544554,46.36441413797022,70.40346175701785,68.79684509603364,75.5530696670076,1013.5783611774066,,,46.18036140470508,5.180912603704966,227.91919536310945,31.640194174757283,0.6926958525345622,,,,28.592453687919082,804,Clouds,overcast clouds,04d
1980,Riverside,33.980601,-117.375494,64.8210894808743,,50.064137067395265,64.07811475409837,63.183818306010934,66.46980077413478,1014.5237932604736,,,63.037795992714024,3.153901411657559,171.2929189435337,,0.9602836879432624,,,,35.26605191256831,804,Clouds,overcast clouds,04d
1980,San Francisco,37.774929,-122.419415,57.22195013661202,,51.44514458105647,56.302299635701274,55.87880464480874,58.5727424863388,1016.351320582878,,,81.93180783242259,8.451977459016394,235.55362021857923,,0.831512027491409,,,,49.587773224043715,804,Clouds,overcast clouds,04d
1980,South Lake Tahoe,38.939926,-119.977187,42.60595112062169,9219.130434782608,31.12348124788828,39.64325149228517,40.63181214100687,44.62480121635319,1016.4618763374253,,,67.81923640049556,5.013816871269287,185.47235048992005,28.592860520094565,0.6592561983471075,,0.6412355212355213,,45.87656267597703,741,Fog,fog,50d
1981,Eureka,40.802071,-124.163673,54.65758836944128,8792.270531400965,50.207851767388824,53.48792474344356,52.51536145952109,57.07144355758267,1017.0381984036488,,,85.32576966932726,9.222615735461801,229.73021664766247,,0.8841387559808612,,,,62.09201824401368,741,Fog,fog,50d
1981,Fresno,36.737798,-119.787125,64.33336949228361,8387.928715534634,48.901737866249164,63.25860769402818,63.30097517333929,65.33266159695818,1014.3332587787967,,,62.34254081860881,5.364246253634534,233.3654663386267,26.266599999999997,0.7839660493827161,,,,36.369380451800495,800,Clear,sky is clear,01d
1981,Los Angeles,34.054908,-118.242643,69.26738470319636,,56.93198515981735,69.50359703196347,66.24541780821917,71.60664726027397,1013.951598173516,,,68.15764840182648,4.0384098173515985,163.67979452054794,,1.0149019607843137,,,,33.48253424657534,802,Clouds,scattered clouds,03d
1981,Palm Springs,33.830296,-116.545292,73.18506303236796,9748.496240601504,47.65511073253833,72.00492447473026,70.48659057353777,77.10708574673481,1013.0266893810335,,,45.49131175468484,4.958094264622373,225.4573537762635,29.8134375,0.5836220472440945,,,,30.379443498012492,804,Clouds,overcast clouds,04d
1981,Riverside,33.980601,-117.375494,65.91821004566211,10000.0,51.647651826484015,65.25668949771689,64.30964726027398,67.51441324200913,1014.0398401826484,,,64.01267123287671,3.1270878995433793,175.91860730593606,,0.6827392120075046,,,,34.887100456621006,801,Clouds,few clouds,02d
1981,San Francisco,37.774929,-122.419415,57.837144977168954,,52.3368093607306,56.95194063926941,56.40792351598173,59.241117579908675,1015.7941780821918,,,82.76723744292238,9.130744292237443,243.71723744292237,,0.7582311320754718,,,,51.98287671232877,803,Clouds,broken clouds,04d
1981,South Lake Tahoe,38.939926,-119.977187,44.52483794466403,9163.146192329072,31.298155844155843,41.81602710333145,42.5951112365895,46.608781479390174,1016.0636928289102,,,65.63636363636364,4.970077922077922,185.5040090344438,26.444628378378376,0.8248679867986799,,0.6779041095890411,,47.82619988706945,800,Clear,sky is clear,01d
1982,Eureka,40.802071,-124.163673,53.144206503137475,9146.967741935483,48.52696748431261,51.317626925270964,51.00989960068454,55.49728693667998,1016.6988020536223,,,84.69503707929265,9.714629777524245,229.93017683970336,,0.9046995708154506,,,,57.10188248716486,500,Rain,light rain,10d
1982,Fresno,36.737798,-119.78712500000002,61.79385847049602,8736.499068901303,48.413944687045124,60.64708095398051,60.8124308588064,62.77325271526146,1014.582017691188,,,65.79240846489755,5.446430410928228,229.93337812115104,25.041818181818183,0.9064779161947905,,,,39.81827342962714,804,Clouds,overcast clouds,04d
1982,Los Angeles,34.054908,-118.242643,66.39214269406393,,53.92595776255708,66.15529680365297,63.609481735159825,68.68379680365297,1014.2690639269406,,,67.47956621004566,4.2342522831050236,163.05947488584474,,0.8146930693069308,,,,41.41769406392694,804,Clouds,overcast clouds,04d
1982,Palm Springs,33.830296,-116.545292,69.31282249800752,9876.923076923076,47.713716270067174,68.2946601389047,66.6247182056245,73.11064442673347,1013.3634293521576,,,51.335648411704426,5.112353409996585,225.78253444153478,29.47313432835821,0.798265306122449,,,,36.846293977001025,803,Clouds,broken clouds,04d
1982,Riverside,33.980601,-117.375494,62.819608447488584,,50.29218264840183,62.11610388127853,61.123291095890416,64.5249794520548,1014.3778538812785,,,67.14132420091325,3.1814075342465755,170.70707762557078,,0.7707202881152461,,,,43.31803652968036,804,Clouds,overcast clouds,04d
1982,San Francisco,37.774929,-122.419415,56.31979908675799,,50.43827739726027,55.07690867579908,54.88169863013699,57.767818493150685,1015.8844748858447,,,81.4904109589041,8.841642694063927,235.68618721461186,,0.8831475748194014,,,,52.08470319634703,501,Rain,moderate rain,10d
1982,South Lake Tahoe,38.939926,-119.97718699999999,40.368562032206846,8872.253864930839,30.338315944658653,37.353505330006804,38.22415286913132,42.78034701746427,1016.283737809027,,,70.65774552052619,4.686316625085054,183.6822408709458,30.366496350364965,0.7675107296137339,,0.9441035474592522,,51.37729643910184,601,Snow,snow,13d
1983,Eureka,40.802071,-124.163673,55.189649543379,,50.74146917808219,54.01568835616438,53.357116438356165,57.282439497716894,1014.9658675799087,,,85.24783105022831,10.177009132420093,228.27545662100457,,0.9299055793991415,,,,62.85331050228311,801,Clouds,few clouds,02d
1983,Fresno,36.737798,-119.787125,64.17950570776256,,50.18992579908676,63.3637899543379,63.2850194063927,65.10967009132419,1013.7946347031964,,,64.13504566210045,4.778986301369863,233.80205479452056,,0.8635401831129197,,,,40.69337899543379,800,Clear,sky is clear,01d
1983,Los Angeles,34.054908,-118.242643,67.47866324200913,,56.70455251141553,67.62454337899544,64.90832420091324,69.54635502283105,1013.6785388127854,,,71.04646118721462,4.182239726027397,168.1480593607306,,1.1034362416107382,,,,39.0412100456621,800,Clear,sky is clear,01d
1983,Palm Springs,33.830296,-116.545292,70.31325,,50.087800228310506,69.48937671232876,67.67261986301371,74.14685045662101,1012.90399543379,,,53.8134703196347,4.44653196347032,229.88082191780822,,0.7413715277777778,,,,34.67305936073059,800,Clear,sky is clear,01d
1983,Riverside,33.980601,-117.375494,63.857036529680364,,52.769165525114154,63.42037557077625,62.19682305936074,65.55405251141552,1013.8698630136986,,,70.25924657534246,3.0809874429223747,174.64440639269407,,0.8955360281195079,,,,42.78527397260274,800,Clear,sky is clear,01d
1983,San Francisco,37.774929,-122.419415,58.8445502283105,,52.930393835616435,58.0686598173516,57.484874429223744,60.19919520547945,1014.6649543378995,,,81.56118721461188,9.371518264840182,235.03184931506848,,0.8664850746268656,,,,54.025,800,Clear,sky is clear,01d
1983,South Lake Tahoe,38.939926,-119.977187,41.88817694063927,,32.55725342465753,39.1956198630137,39.919227168949774,43.84594634703196,1015.364497716895,,,72.44440639269406,4.297415525114156,199.31095890410958,,0.7061023622047243,,0.7922540666150271,,54.60296803652968,800,Clear,sky is clear,01d
1984,Eureka,40.802071,-124.163673,53.0600704945992,8732.914923291492,48.59792950540079,51.469947697555426,50.92298692438886,55.29992836839113,1017.7495167708926,,,85.09880613985219,9.385530415008528,229.95656623081297,,0.8264071856287425,,,,53.17123365548607,711,Smoke,smoke,50d
1984,Fresno,36.737798,-119.78712500000002,64.82965401410816,8874.658987571991,47.426760721083866,63.7089519650655,63.714562758929574,65.95197738215205,1014.4924420557609,,,58.07490762512597,5.467428059567798,234.19572276340836,25.84921052631579,0.7153304904051173,,,,33.97111185757474,804,Clouds,overcast clouds,04d
1984,Los Angeles,34.054908,-118.242643,69.018639571949,,54.95867714025501,69.16049635701276,66.27398679417122,71.17766962659381,1013.6092896174863,,,64.2110655737705,4.261429872495446,162.63217213114754,,0.690394265232975,,,,31.116803278688526,803,Clouds,broken clouds,04d
1984,Palm Springs,33.830296,-116.545292,71.44522629554199,9688.297872340425,48.28338764426341,70.89110771667798,68.67780493324281,75.32903371803576,1013.1165422041186,,,48.44331296673455,4.809538357094365,213.74462548087803,30.921351351351348,0.6784905660377358,,,,32.00961756053406,804,Clouds,overcast clouds,04d
1984,Riverside,33.980601,-117.375494,65.26766446619622,7200.0,50.41699294331892,64.67522991122239,63.66959708627361,66.89139312542682,1013.7562030503074,,,62.32824948782154,3.1906043705895746,170.48315501934897,,0.57102,,,,34.40052356020942,804,Clouds,overcast clouds,04d
1984,San Francisco,37.774929,-122.419415,58.11247267759563,,51.68168260473588,57.14075136612022,56.67483948087431,59.539890710382515,1016.1043943533698,,,80.21516393442623,8.908428961748633,244.05532786885246,,0.7464462809917356,,,,44.52459016393443,800,Clear,sky is clear,01d
1984,South Lake Tahoe,38.939926,-119.977187,42.3960630099728,9440.774487471526,30.80384859474161,39.61493313689936,40.33483000906618,44.735254986400726,1016.9454895738894,,,67.38825929283772,4.653176563916591,180.42985040797825,30.197482014388488,0.5473362445414848,,0.6793188405797101,,46.35936083408885,804,Clouds,overcast clouds,04d
1985,Eureka,40.802071,-124.163673,51.93849258836944,8214.075993091537,47.50679475484607,50.11033181299886,49.73060661345496,54.343708095781075,1018.0989737742303,,,85.22474344355759,8.07308323831243,224.51801596351197,,0.6668680297397769,,,,51.56830102622577,800,Clear,sky is clear,01d
1985,Fresno,36.737798,-119.787125,63.04510096477451,8522.458062307429,47.27349450302894,61.95390397128113,61.988749158626874,64.1017724927081,1014.9416647969487,,,60.6313663899484,4.885999551267669,228.14280906439308,24.707741935483874,0.7601188118811881,,,,32.435158178146736,721,Haze,haze,50d
1985,Los Angeles,34.054908,-118.242643,67.03163242009133,,53.757494292237446,66.7614600456621,64.17259474885846,69.29701712328767,1014.7235159817352,,,65.75764840182649,4.256650684931507,163.80342465753424,,0.7281560283687943,,,,32.635958904109586,800,Clear,sky is clear,01d
1985,Palm Springs,33.830296,-116.545292,70.13715845751337,9365.243902439024,45.88465589807758,68.72042202252304,67.44225002843817,73.89767489477875,1013.8204982368331,,,47.35286088044591,4.816554430667728,227.4397679444887,28.11,0.5232212885154062,,,,29.784097372312594,800,Clear,sky is clear,01d
1985,Riverside,33.980601,-117.375494,63.36460730593607,,49.05486757990868,62.44464041095891,61.74962785388128,64.99059246575342,1014.7981735159817,,,63.47431506849315,3.3181232876712325,170.09977168949771,,0.5570636215334421,,,,33.64657534246575,800,Clear,sky is clear,01d
1985,San Francisco,37.774929,-122.419415,56.57359246575342,,50.5139497716895,55.328608447488584,55.154577625570774,58.00209132420091,1016.5623287671233,,,81.14109589041095,8.287616438356165,235.3595890410959,,0.7517291666666667,,,,47.32659817351598,800,Clear,sky is clear,01d
1985,South Lake Tahoe,38.939926,-119.977187,41.42748721445619,9281.118240146654,29.983819752244575,38.7576701897943,39.30237867939539,43.73316058643028,1017.4082282077509,,,67.80918286168883,4.43157404250483,177.21707012160473,30.249591836734695,0.4699182561307902,,0.8206233062330623,,42.41834299352199,800,Clear,sky is clear,01d
1986,Eureka,40.802071,-124.163673,53.99459835691465,8342.825443786982,49.80089799178457,52.82846188954815,51.80653925148334,56.35923664993154,1016.8014605203103,,,86.11775445002282,8.633911455956184,223.9499087174806,,0.8871353826030085,,,,58.54301688726609,701,Mist,mist,50d
1986,Fresno,36.737798,-119.787125,64.51920202588633,8385.007122507122,49.16837253798537,63.53351828925155,63.56155993247045,65.52694766460327,1014.7389983117614,,,61.46268992684299,5.019413618458075,229.51840180078784,22.082800000000002,1.0563230240549828,,,,33.280810354530104,701,Mist,mist,50d
1986,Los Angeles,34.054908,-118.242643,67.89293493150684,,55.90347031963471,67.91304794520549,64.89482191780822,70.23007305936072,1014.7158675799087,,,68.59212328767123,4.080518264840182,162.40388127853882,,0.9804255319148937,,,,34.576255707762556,804,Clouds,overcast clouds,04d
1986,Palm Springs,33.830296,-116.545292,71.67573587907717,9619.2700729927,46.66923173087851,70.52666666666667,68.96574610751222,75.4748846459825,1013.8579384020911,,,46.10478463461757,4.687465621093306,224.01079668144106,28.4,0.6396923076923077,,,,30.067848619161268,804,Clouds,overcast clouds,04d
1986,Riverside,33.980601,-117.375494,64.49687057749372,4533.333333333333,50.987055466788405,63.797998173932896,62.82496576124172,66.1318374800274,1014.7861218899794,,,65.08445560374344,3.1261161835197444,172.7316822643232,,0.7941896551724138,,,,34.42216388952294,804,Clouds,overcast clouds,04d
1986,San Francisco,37.774929,-122.419415,58.03439611872146,,52.65182305936073,57.28219748858447,56.66430821917808,59.40356735159818,1016.1764840182649,,,83.21529680365296,8.329875570776256,239.03493150684932,,0.9166945606694561,,,,52.14269406392694,802,Clouds,scattered clouds,03d
1986,South Lake Tahoe,38.939926,-119.97718699999999,44.003198592029065,9512.479201331114,31.324825706824114,41.252291359146135,42.14810605200409,45.955900987850576,1016.7238560236176,,,65.21062790961734,4.800580220279323,182.2342454865448,30.573009708737864,0.911170431211499,,0.7983206106870229,,43.5737481548768,802,Clouds,scattered clouds,03d
1987,Eureka,40.802071,-124.163673,54.117331508723915,8368.371361132966,49.299687535636906,52.66672026456836,51.80181548637245,56.61158626981412,1017.0468696544646,,,84.26422625156802,9.076389554111072,226.85996122704984,,0.8843536931818182,,,,56.450222374273004,802,Clouds,scattered clouds,03d
1987,Fresno,36.737798,-119.78712500000002,63.87895471953142,9021.649831649831,48.50488623563866,62.73353908537959,62.89129421040775,64.86451453029962,1014.6325749042577,,,61.4407524217166,4.971843883757603,229.17368776751522,23.39190476190476,0.7802146690518783,,,,34.543140346924986,801,Clouds,few clouds,02d
1987,Los Angeles,34.054908,-118.242643,67.19440753424658,,54.721729452054795,67.02215296803654,64.33445662100456,69.47146917808219,1014.5203196347032,,,67.61552511415525,4.256538812785388,167.83173515981736,,0.7441019417475728,,,,36.37534246575343,804,Clouds,overcast clouds,04d
1987,Palm Springs,33.830296,-116.545292,70.61887282249802,9855.364238410595,46.13753159512695,69.2639462598201,67.89949220084253,74.44814414209269,1013.707958556302,,,46.927701241033816,4.802709780257315,219.2416030968917,30.163333333333334,0.6687559808612441,,,,31.11237618125925,803,Clouds,broken clouds,04d
1987,Riverside,33.980601,-117.375494,63.56457948191259,5828.571428571428,49.86582448933014,62.77522423827457,61.94660390277302,65.18487504279356,1014.5858724181217,,,64.82802693141618,3.2370215679561793,173.5143215793678,,0.645258493353028,,,,37.312678306516034,804,Clouds,overcast clouds,04d
1987,San Francisco,37.774929,-122.419415,57.91828310502283,,51.76802397260274,56.9441404109589,56.57062328767123,59.25609703196347,1016.1736301369863,,,80.93356164383562,8.512004566210045,235.58413242009132,,0.7751894563426689,,,,51.05205479452055,804,Clouds,overcast clouds,04d
1987,South Lake Tahoe,38.939926,-119.97718700000001,43.68792076966611,9447.300944669365,30.376814940577248,41.00274023769101,41.7245376344086,45.78497453310696,1017.013921901528,,,64.28421052631579,4.314243350311262,179.29100169779286,27.857117117117117,0.5288580750407831,,0.7060849056603773,,48.405206564799094,803,Clouds,broken clouds,04d
1988,Eureka,40.802071,-124.16367299999999,53.034503183265116,7983.736263736264,48.58602091859937,51.51408026375625,50.65816052751251,55.50440427467031,1018.4645293315143,,,85.24954524783993,8.18462255570714,223.27910413824466,,0.768920539730135,,,,56.09606639381537,804,Clouds,overcast clouds,04d
1988,Fresno,36.737798,-119.787125,64.49019667340976,8877.041149575442,48.05917621937514,63.428858170375364,63.38616655428186,65.5412924252641,1015.4511126095751,,,59.84063834569566,4.826693639020005,231.3977298269274,24.428,0.7480125523012553,,0.11,,30.130141604855023,804,Clouds,overcast clouds,04d
1988,Los Angeles,34.054908,-118.242643,68.17340733151184,,54.28341416211293,68.12154599271403,65.13967213114753,70.58772540983605,1014.9755236794172,,,65.01775956284153,4.26537795992714,164.95719489981786,,0.8768513119533528,,,,31.374772313296905,804,Clouds,overcast clouds,04d
1988,Palm Springs,33.830296,-116.545292,71.83549494260711,9782.752293577982,45.63809978406637,70.61113762927606,69.05223093533355,75.72229344243664,1014.1822934424366,,,44.000113649278326,4.673032162745767,217.58404364132286,32.04190476190476,0.5786925795053004,,,,27.104898283895896,804,Clouds,overcast clouds,04d
1988,Riverside,33.980601,-117.375494,64.37894581056467,7400.0,49.26851662112933,63.57695469034608,62.80006944444445,65.9372723132969,1015.0398451730418,,,61.900842440801455,3.295644353369763,173.07388433515482,,0.6965287769784172,,,,30.97643442622951,804,Clouds,overcast clouds,04d
1988,San Francisco,37.774929,-122.419415,57.79902550091075,,51.60938638433515,56.816462887067395,56.42479052823315,59.162962204007286,1017.122723132969,,,80.97290528233151,8.385558970856103,239.50671675774134,,0.6690423572744015,,,,48.28119307832423,802,Clouds,scattered clouds,03d
1988,South Lake Tahoe,38.939926,-119.977187,44.13334919555858,9406.509945750453,30.919851574892363,41.39397122139135,42.15822116474054,46.31144572852934,1017.8414910491729,,,64.281441196465,4.448914570586902,181.95796510310447,27.663333333333334,0.5728697571743929,,0.6594912559618442,,42.23895309313392,800,Clear,sky is clear,01d
1989,Eureka,40.802071,-124.16367299999999,52.42923304843305,8079.245283018868,48.30196125356126,50.887270655270655,50.12177663817664,54.79572535612535,1018.3879202279202,,,86.20957264957265,7.884049002849003,215.64102564102564,,0.6773534072900159,,0.3934285714285714,,54.452193732193734,802,Clouds,scattered clouds,03d
1989,Fresno,36.737798,-119.787125,63.418827562949645,8570.134874759153,47.85380283273381,62.26522257194245,62.3132464028777,64.52454698741008,1015.4988758992806,,,61.61578237410072,5.153620728417266,239.14309802158274,29.226666666666663,0.7540524781341107,,,,27.59700989208633,804,Clouds,overcast clouds,04d
1989,Los Angeles,34.054908,-118.242643,67.92470776255708,,53.3118595890411,67.67368378995434,64.83474657534246,70.40495205479452,1014.99600456621,,,63.326369863013696,4.164051369863014,161.14760273972604,,0.5139330543933054,,,,31.46027397260274,500,Rain,light rain,10d
1989,Palm Springs,33.830296,-116.545292,71.887075729927,9818.536585365853,43.92356409671533,70.45641765510949,69.09253649635036,75.72037979014598,1014.0078695255474,,,41.480611313868614,4.999816377737226,226.59192518248176,30.494,0.47709251101321587,,,,25.278284671532848,803,Clouds,broken clouds,04d
1989,Riverside,33.980601,-117.375494,64.32738530015979,6480.0,48.557629536635474,63.397815567222096,62.73334398539147,65.86868066651449,1015.0456516776992,,,60.601346724492124,3.2807874914403103,171.7549646199498,,0.5169346733668342,,,,30.241839762611274,500,Rain,light rain,10d
1989,San Francisco,37.774929,-122.419415,57.04386757990868,,51.47928196347032,55.996737442922374,55.6050799086758,58.46357534246575,1017.1031963470319,,,82.54349315068494,8.159068493150686,232.5208904109589,,0.6091712707182321,,,,46.689611872146116,803,Clouds,broken clouds,04d
1989,South Lake Tahoe,38.939926,-119.977187,42.25727241732015,9670.314465408805,30.251597908853277,39.515493806114335,40.25275258552108,44.33588021366064,1017.75815433572,,,66.92942379815888,4.775103989089669,182.78270257983863,27.35985294117647,0.5874789915966386,,0.7200530035335689,,40.482554835776796,803,Clouds,broken clouds,04d
1990,Eureka,40.802071,-124.16367299999999,53.076523522041235,8651.128914785142,48.86870372479781,51.41804989178722,50.83457910923796,55.520473858070396,1018.1838478186581,,,85.9304020959107,8.329661692675703,228.16402779359836,,0.7661897356143079,,0.6,,56.29764210046702,500,Rain,light rain,10d
1990,Fresno,36.737798,-119.787125,63.80095665843251,8754.118715929739,46.64397821693241,62.58467549966315,62.65323152930609,64.89852795867955,1015.0165057264766,,,58.10004491354143,5.143423534695711,236.50044913541433,23.391428571428573,0.8222486772486772,,,,26.68538064226364,721,Haze,haze,50d
1990,Los Angeles,34.054908,-118.242643,67.99113356164384,,52.560582191780824,67.75705593607307,65.06657077625572,70.29900456621004,1014.5743150684932,,,61.653082191780825,4.301795662100457,166.00422374429223,,0.7457758620689655,,,,30.59212328767123,800,Clear,sky is clear,01d
1990,Palm Springs,33.830296,-116.545292,71.15261529680366,9807.547169811322,43.912196347031966,69.75231621004566,68.42627054794521,74.96698287671234,1013.7385844748859,,,42.24668949771689,5.002463470319635,225.83869863013697,38.309672131147536,0.5141198501872659,,0.20777777777777778,,26.665182648401828,800,Clear,sky is clear,01d
1990,Riverside,33.980601,-117.375494,64.49452802191531,9000.0,47.82305330441731,63.57601986074649,62.86166533500742,66.14230909713503,1014.6608834607921,,,59.0523912795343,3.2999611916447895,173.32393562378724,43.84,0.6484745762711864,,0.14,,31.782559068599475,800,Clear,sky is clear,01d
1990,San Francisco,37.774929,-122.419415,57.529828767123284,,51.477778538812785,56.41525570776256,56.09769178082192,58.94810616438356,1016.7512557077625,,,81.29623287671232,8.584213470319636,248.30102739726027,,0.6652088452088453,,,,46.41678082191781,802,Clouds,scattered clouds,03d
1990,South Lake Tahoe,38.939926,-119.97718700000001,42.57189706217263,9654.013605442176,29.949659530858572,40.03794921430198,40.6188146208153,44.667179457982236,1017.0503302209064,,,64.89740378046004,4.540121840127534,187.43805511273058,26.583537414965985,0.4955700934579439,,0.6163636363636364,,40.5196993851059,800,Clear,sky is clear,01d
1991,Eureka,40.802071,-124.16367299999999,52.57036369855204,8226.741573033707,48.29835138524684,50.93842663322312,50.26671645194391,54.98659559913351,1017.4761144681336,,,85.82943792041956,8.153592520807205,223.44704138638696,,0.7211769547325103,,,,53.24991449093604,800,Clear,sky is clear,01d
1991,Fresno,36.737798,-119.787125,63.75560076430257,8754.110236220473,47.470781162189496,62.64878161177925,62.678384848825445,64.80043385410812,1014.6839384062043,,,59.79959536922558,5.362566033494437,223.89839271664607,27.021851851851853,0.8421400778210117,,,,27.62515454647634,800,Clear,sky is clear,01d
1991,Los Angeles,34.054908,-118.242643,67.28640410958904,,53.87006164383561,67.17838698630138,64.28189954337898,69.66679452054794,1014.5880136986301,,,65.56130136986302,4.2237910958904115,169.49086757990867,,1.0366472303206997,,,,31.402283105022832,803,Clouds,broken clouds,04d
1991,Palm Springs,33.830296,-116.545292,70.74266332231217,9566.11570247934,45.65963174096454,69.35364610648729,67.97751225629916,74.67542013453426,1013.6238741306579,,,45.65032493444305,4.659252080720557,224.15767871394368,35.67041666666667,0.9296285714285715,,,,26.696043780640746,803,Clouds,broken clouds,04d
1991,Riverside,33.980601,-117.375494,63.870307007532524,5200.0,48.770430267062316,63.0262440082173,62.2416012325953,65.49177242638667,1014.5844556037434,,,61.89397397854371,3.195615156356996,176.09906414060717,,0.9878356713426854,,,,30.723579091531615,803,Clouds,broken clouds,04d
1991,San Francisco,37.774929,-122.419415,56.9049200913242,,51.36207534246576,55.93188698630137,55.53332876712329,58.26266894977169,1016.2703196347032,,,82.73105022831051,8.369482876712329,238.69052511415526,,0.8137005163511187,,,,51.412899543379,800,Clear,sky is clear,01d
1991,South Lake Tahoe,38.939926,-119.97718699999999,42.56193390869861,9487.548387096775,29.780285032932092,39.95159663865547,40.58351124233477,44.66076084487849,1016.9110833522599,,,65.09811492164434,4.422106518282988,185.06677265500795,24.65931174089069,0.6715717539863325,,0.7049261744966442,,42.954008630479215,800,Clear,sky is clear,01d
1992,Eureka,40.802071,-124.16367299999999,55.23914808917198,8656.104868913857,50.7328889899909,54.13082688808007,53.01801979071883,57.73184599636033,1015.802888989991,,,85.22054140127389,8.194298225659692,215.73259781619655,28.63,0.7797362942401109,,,,56.06426296633303,802,Clouds,scattered clouds,03d
1992,Fresno,36.737798,-119.78712499999999,65.1830122238421,8705.553740607644,49.83306381069866,64.21231131546485,64.11993046988898,66.24005607267017,1013.8740607827744,,,62.22406639004149,5.202952786811708,221.90209711786474,25.950000000000003,0.8228384991843393,,,,35.24526185936974,801,Clouds,few clouds,02d
1992,Los Angeles,34.054908,-118.242643,68.70410177595627,,56.847158469945356,69.04276297814208,65.91795423497268,70.82905737704917,1013.7740209471767,,,69.1188524590164,4.126681466302368,162.20412112932604,,1.0054723707664885,,,,38.20981329690346,803,Clouds,broken clouds,04d
1992,Palm Springs,33.830296,-116.545292,71.7491284090909,9666.297682709448,46.76440681818182,70.57306818181819,69.07512727272727,75.69111136363637,1013.2246590909091,,,46.469772727272726,4.487917045454545,220.05670454545455,28.92055555555556,0.7856148491879351,,,,32.99306818181818,800,Clear,sky is clear,01d
1992,Riverside,33.980601,-117.375494,65.28401753187615,9023.5,51.062040072859745,64.6248827413479,63.63465733151183,66.9499704007286,1013.9219034608379,,,64.16097449908925,3.1943476775956285,167.9139344262295,,0.8823066666666667,,,,39.09107468123862,802,Clouds,scattered clouds,03d
1992,San Francisco,37.774929,-122.419415,59.01337545537341,,53.57073770491803,58.28543829690346,57.6648235428051,60.37054872495447,1015.183970856102,,,83.0886839708561,8.000548724954463,228.90027322404373,,0.6963350785340314,,,,53.09437613843352,803,Clouds,broken clouds,04d
1992,South Lake Tahoe,38.939926,-119.97718699999999,44.23504932532033,9644.946353224834,31.349075858940925,41.677661866424764,42.27562308651774,46.35651887969158,1016.2296178705069,,,65.5633291756435,4.574473296292097,182.3052500283479,24.25188888888889,0.5485923217550274,,0.7234090909090909,,46.15115092414106,801,Clouds,few clouds,02d
1993,Eureka,40.802071,-124.16367300000002,53.912433910665456,8756.099456099457,49.24181403828623,52.60407019143118,51.768514129443936,56.256186189608016,1016.4977210574293,,,84.64551048313582,8.301359389243391,210.6782133090246,,0.7505005889281507,,,,56.61861896080219,500,Rain,light rain,10d
1993,Fresno,36.737798,-119.787125,64.13865845388789,9125.931737936446,49.23992201627487,63.11897377938518,63.1683883363472,65.11069846292948,1014.373191681736,,,62.59391952983725,5.242857142857143,227.14455244122965,28.31190476190476,0.8329470672389128,,,,34.50858951175407,804,Clouds,overcast clouds,04d
1993,Los Angeles,34.054908,-118.242643,67.80772146118721,,56.12874429223744,67.91859474885845,65.02613470319633,70.0090502283105,1014.174200913242,,,69.68447488584475,4.170131278538813,160.1181506849315,,1.335719696969697,,,,36.56381278538813,802,Clouds,scattered clouds,03d
1993,Palm Springs,33.830296,-116.545292,71.240432161947,9453.328493647912,46.89653246900944,69.94645854657114,68.50016149209598,75.13205959285796,1013.4151029227795,,,48.04571818491982,4.796111679745252,227.47196633685886,33.01075,0.9329233870967742,,,,30.394063459570113,800,Clear,sky is clear,01d
1993,Riverside,33.980601,-117.375494,64.34740525114155,,51.02302397260274,63.66515182648401,62.670125570776264,65.98679908675798,1014.2973744292237,,,66.08687214611872,3.2502819634703197,170.13139269406392,,1.2685274431057565,,,,36.2425799086758,800,Clear,sky is clear,01d
1993,San Francisco,37.774929,-122.419415,58.64913356164383,,52.621194063926936,57.82534931506849,57.2200308219178,60.05754794520548,1015.5642694063927,,,81.48230593607306,8.35923401826484,228.4453196347032,,0.7467840375586854,,,,51.39417808219178,500,Rain,light rain,10d
1993,South Lake Tahoe,38.939926,-119.977187,42.59777123442809,9522.551587301587,30.779836919592302,39.75904643261608,40.58983805209513,44.7379818799547,1016.5599093997735,,,67.16942242355606,4.884407701019253,181.0872027180068,25.986743295019156,0.4908287292817679,,0.7790387016229713,,46.04020385050963,804,Clouds,overcast clouds,04d
1994,Eureka,40.802071,-124.163673,53.30734405291367,9028.984375,48.98281103888699,51.8148169688676,51.16707948454784,55.676893602463224,1017.6449994298096,,,85.60348956551488,8.251609077431862,221.8697685026799,,0.76,,,,55.09271296613069,804,Clouds,overcast clouds,04d
1994,Fresno,36.737798,-119.787125,64.04293500338524,9009.04,47.741013315278714,62.80586774994358,62.96387045813586,65.09091965696231,1014.9144662604378,,,60.57266982622433,5.022005190701873,231.70559693071542,25.165,0.6777288732394366,,,,33.39832994809298,804,Clouds,overcast clouds,04d
1994,Los Angeles,34.054908,-118.242643,67.31053881278538,,54.846980593607306,67.27616095890411,64.36363926940639,69.68191894977168,1014.6583333333333,,,67.48458904109589,4.113744292237443,161.10319634703197,,0.7524715909090909,,,,33.098287671232875,800,Clear,sky is clear,01d
1994,Palm Springs,33.830296,-116.545292,71.30490260849756,9579.35618729097,46.320373618863194,70.14397083950337,68.56736872081103,75.08519193530014,1013.7031552568629,,,46.160724456088396,4.693229297186468,230.18396172684817,31.26782608695652,0.5570317002881844,,,,29.997380111630026,800,Clear,sky is clear,01d
1994,Riverside,33.980601,-117.375494,63.70832305936074,10000.0,50.57090639269406,63.03569748858447,62.058287671232875,65.34475570776256,1014.7207762557077,,,65.67819634703196,3.1478721461187216,171.68196347031963,,0.683786231884058,,,,34.20593607305936,800,Clear,sky is clear,01d
1994,San Francisco,37.774929,-122.419415,57.032898401826486,,51.67618378995434,56.06278310502283,55.61699885844749,58.44837442922375,1016.4804794520549,,,83.09440639269407,8.174351598173518,238.00342465753425,,0.7773899371069183,,,,49.43869863013698,804,Clouds,overcast clouds,04d
1994,South Lake Tahoe,38.939926,-119.97718700000001,43.88114755959137,9392.763210702342,29.721408626560724,41.151341657207716,41.97455278093076,45.95042338251986,1016.8234960272417,,,63.25414301929625,4.761337116912599,187.66765039727582,25.93562962962963,0.5388578680203046,,0.5945174825174825,,43.09194097616345,804,Clouds,overcast clouds,04d
1995,Eureka,40.802071,-124.163673,55.05019500513171,9066.207455429498,50.83076063405177,53.96366974569506,52.94001710571331,57.46234348272323,1015.9042080054738,,,86.09054624244497,8.502205496635876,217.9387615463565,,0.9633502824858757,,,,60.296156916410084,804,Clouds,overcast clouds,04d
1995,Fresno,36.737798,-119.787125,64.35697671802947,8573.27806191117,50.87121921043752,63.53417725790125,63.40354628275785,65.32545720391407,1014.3045776628051,,,65.76403104262738,5.048132943425936,216.18265661905298,22.842142857142857,0.7919565217391303,,,,36.746935102913056,721,Haze,haze,50d
1995,Los Angeles,34.054908,-118.242643,68.22642351598174,,57.20283561643836,68.34829566210045,65.18274885844748,70.63783904109589,1013.9801369863013,,,71.31541095890411,4.005436073059361,164.47568493150686,,1.2379922779922778,,,,37.4851598173516,804,Clouds,overcast clouds,04d
1995,Palm Springs,33.830296,-116.545292,71.86281858558252,9470.232645403377,47.85341874501765,70.68907869263182,69.11153057738298,75.74124814941351,1013.2499715294385,,,48.717799795011956,4.662524769388452,228.57613028128915,35.53296296296296,0.82375,,,,31.478191549937364,803,Clouds,broken clouds,04d
1995,Riverside,33.980601,-117.375494,64.93982536240156,10000.0,52.11680287638397,64.33231594566831,63.282037438648565,66.60624586234448,1014.097819883575,,,67.52950576418218,3.0359958908800366,171.10272799908685,,0.9177602108036891,,,,37.541148270745346,804,Clouds,overcast clouds,04d
1995,San Francisco,37.774929,-122.419415,58.82226255707763,,53.45992808219178,58.19248515981735,57.52331164383562,60.11498744292238,1015.4030821917809,,,83.48390410958905,8.194479452054795,240.43595890410958,,0.8481549439347604,,,,53.72990867579909,501,Rain,moderate rain,10d
1995,South Lake Tahoe,38.939926,-119.977187,43.77285779036827,9247.17704011065,31.88245892351275,41.09997960339943,41.74254277620397,45.961844759206805,1016.2644759206798,,,67.72759206798867,4.783400566572238,183.71682719546743,27.540833333333335,0.7904692556634304,,0.8062032710280373,,46.62832861189802,804,Clouds,overcast clouds,04d
1996,Eureka,40.802071,-124.163673,54.375752474121256,8880.288097043214,50.0009930610852,53.15027869411898,52.02289728131043,56.9915663747014,1016.8813559322034,,,85.51473097486065,8.796543055397565,222.32203389830508,,0.9970797413793103,,,,55.58321010123991,802,Clouds,scattered clouds,03d
1996,Fresno,36.737798,-119.78712500000002,64.08374158384098,8897.70984602345,49.082106444373196,63.032847066367424,62.7422079726408,65.42439563962807,1014.8378753874105,,,64.24227850806882,5.763283103558833,193.08881051619107,21.158995215311002,1.1422912205567453,3.0424242424242425,,,31.653414555947418,801,Clouds,few clouds,02d
1996,Los Angeles,34.054908,-118.242643,68.61506033697631,,57.063103369763205,68.83471766848817,65.55316370673953,71.05537340619308,1014.2793715846994,,,70.20639799635701,4.063883196721312,163.47017304189436,,0.9790048543689321,,,,32.30851548269581,804,Clouds,overcast clouds,04d
1996,Palm Springs,33.830296,-116.545292,72.8335165585524,9981.840373280944,47.26958347558894,71.68070444975531,69.85307954933424,76.70575964493001,1013.4455445544554,,,46.037669284169795,5.6520268578582,224.28109707522475,34.1436,0.5473228346456693,,0.23,,25.543871628542163,804,Clouds,overcast clouds,04d
1996,Riverside,33.980601,-117.375494,65.23011156648452,9023.0,52.163272996357016,64.64949112021858,63.610685336976324,66.80837545537341,1014.4027777777778,,,66.85997267759562,3.204841757741348,172.1511839708561,,0.7440150375939849,,,,32.17497723132969,804,Clouds,overcast clouds,04d
1996,San Francisco,37.774929,-122.419415,58.94080601092896,,53.1590152550091,58.27241575591986,57.567325819672135,60.29588342440802,1015.8905965391621,,,82.22928051001821,8.468908242258651,240.1183970856102,,0.8190315789473684,,,,49.06614298724954,803,Clouds,broken clouds,04d
1996,South Lake Tahoe,38.939926,-119.977187,44.17992896606156,9023.200873362446,32.69047468711241,41.13325854098545,42.14988950276243,46.44175893561845,1016.7637839666253,,,68.31029428345924,5.309983087157515,183.64246250986582,28.553474576271185,0.8307848443843032,,0.9789803012746234,,46.400383357763,800,Clear,sky is clear,01d
1997,Eureka,40.802071,-124.163673,55.548866461398106,9309.00709219858,50.888028281446005,54.41422739194891,53.421475652868054,57.83322157600639,1017.4970920287376,,,84.81217926787546,8.525570760634052,217.2272779108222,,0.7991836734693878,,,,55.795073554567225,500,Rain,light rain,10d
1997,Fresno,36.737798,-119.787125,63.34884821710319,8832.788428726539,48.00115283475334,62.249563479541386,62.184928999684445,64.47296518354896,1014.8525297149469,,,62.15146733985485,5.59381297990954,200.3536341643,21.04905,0.8048220640569395,1.3389830508474576,,,22.045335016303778,804,Clouds,overcast clouds,04d
1997,Los Angeles,34.054908,-118.242643,68.47587557077627,,56.314863013698634,68.55130251141553,65.78457534246576,70.66264611872147,1013.9534246575342,,,68.80810502283104,4.192938356164383,159.72054794520548,,0.8998280802292264,,,,34.343949771689495,804,Clouds,overcast clouds,04d
1997,Palm Springs,33.830296,-116.545292,72.19883983572896,9981.162029459902,47.767645448323066,71.0420339949806,69.04160392425278,76.18410335386721,1013.3031028975588,,,47.26226328998403,7.07044604152407,218.61795573807893,33.179270833333334,0.5705191256830601,,,,25.87291809263062,803,Clouds,broken clouds,04d
1997,Riverside,33.980601,-117.375494,64.82669863013699,10000.0,51.61886757990868,64.18733561643836,63.22517579908676,66.42645205479452,1014.1047945205479,,,66.12888127853881,3.2394577625570777,164.73812785388128,,0.6868430335097002,,,,33.86529680365297,803,Clouds,broken clouds,04d
1997,San Francisco,37.774929,-122.419415,59.66162671232876,,53.34869863013699,58.92299771689498,58.22290753424657,61.10767808219178,1016.1117579908675,,,80.88436073059361,8.555752283105022,239.59828767123287,,0.8731354642313546,,,,47.74988584474886,500,Rain,light rain,10d
1997,South Lake Tahoe,38.939926,-119.977187,43.800284123195816,9524.59787878788,30.926260938743038,41.01276054097057,41.62691328560064,46.41368564609615,1017.2408228207751,,,65.3248096374588,5.359286282532106,176.04489146493918,25.145106382978724,0.6805544554455446,,0.7661821705426357,,47.11887714513013,500,Rain,light rain,10d
1998,Eureka,40.802071,-124.163673,53.761216123889774,8783.979517190928,49.19585174219995,52.33478364837167,51.61774538829424,56.19620473696197,1016.1039626508768,,,84.91596447278525,9.060237986791163,225.1349350945115,,0.9541774033696729,,,,61.36119335003416,803,Clouds,broken clouds,04d
1998,Fresno,36.737798,-119.787125,60.88006629485426,8667.566031255366,49.24773860886036,60.01142165631906,59.88711669998948,61.89055140481953,1015.0524045038409,,,69.42302430811323,5.36715773966116,193.53351573187413,24.427972972972974,1.0102805611222445,2.1066666666666665,0.3,,29.722087761759443,802,Clouds,scattered clouds,03d
1998,Los Angeles,34.054908,-118.242643,65.83985045662101,,55.73947488584475,65.9904200913242,63.21400684931506,67.96349200913241,1014.4221461187215,,,72.8027397260274,4.055586757990868,168.13036529680366,,1.0105217391304346,,,,35.432420091324204,801,Clouds,few clouds,02d
1998,Palm Springs,33.830296,-116.545292,69.94537304932226,9968.693620414673,44.63808520332612,68.63887003075521,66.62787333409271,73.91610320082013,1013.500284770475,,,45.38683221323613,5.853836427839162,189.0197061168698,23.945391705069124,0.669123595505618,1.2999999999999998,,,15.85602004784144,801,Clouds,few clouds,02d
1998,Riverside,33.980601,-117.375494,62.31545123062899,8748.604766633565,50.976484731084774,61.77440519598907,60.510445533272566,64.12704421148587,1014.5474020054695,,,70.18994986326345,3.374679808568824,163.41533728350046,22.014400000000002,0.8830055865921788,1.8285714285714287,,,37.089904284412036,801,Clouds,few clouds,02d
1998,San Francisco,37.774929,-122.419415,57.524,,52.11752397260274,56.697787671232874,56.154100456621,58.88298401826484,1015.7656392694064,,,82.94280821917808,8.353303652968037,239.60730593607306,,0.7690228310502284,,,,52.00205479452055,803,Clouds,broken clouds,04d
1998,South Lake Tahoe,38.939926,-119.977187,41.75170436552816,9026.300867052023,30.742477946166026,38.74803211942999,39.61091382040262,44.340137977833066,1016.2052703008369,,,69.56129834878986,5.040296313051346,178.08425695543994,24.13177842565598,0.6398573466476463,,0.6875650713685978,,52.353539923094324,804,Clouds,overcast clouds,04d
1999,Eureka,40.802071,-124.16367299999999,52.48906847133758,8604.683195592286,47.896790263876255,50.6532779799818,50.142432893539585,55.0937136032757,1018.5274112829845,,,84.84258416742493,8.867214513193813,222.74101455868973,,0.8614172185430463,,,,58.01717470427661,801,Clouds,few clouds,02d
1999,Fresno,36.737798,-119.78712499999999,62.17300204807588,8683.636092468307,47.089085911393774,60.9618454241673,61.1473806187345,63.19266357658726,1016.097876468686,,,62.52312169882505,5.396909561280586,201.48895116955913,21.333763440860213,0.7715040650406504,1.9,,,28.859221731163093,800,Clear,sky is clear,01d
1999,Los Angeles,34.054908,-118.242643,66.6396917808219,,54.03300228310502,66.34624543378995,63.53555136986302,69.12250799086759,1015.4054794520548,,,67.52899543378996,4.0250878995433785,165.8187214611872,,0.5784528301886792,,,,32.38070776255708,802,Clouds,scattered clouds,03d
1999,Palm Springs,33.830296,-116.545292,71.74712036508842,9974.085931318246,42.05661038220194,70.15872903593839,68.28508157444381,75.70254877353109,1014.3636052481461,,,38.28362806617228,5.484205362236167,183.1026811180833,24.31819628647215,0.5709302325581396,1.9777777777777779,,,10.522989161437536,800,Clear,sky is clear,01d
1999,Riverside,33.980601,-117.375494,62.77766022727273,8942.45975503062,47.571918181818184,61.74660227272727,60.964201136363634,64.52126590909091,1015.4452272727273,,,61.867045454545455,3.9911749999999997,155.60488636363635,21.64458781362007,0.5390407673860911,1.8846153846153846,,,27.537613636363638,800,Clear,sky is clear,01d
1999,San Francisco,37.774929,-122.419415,56.50355136986301,,50.82347602739726,55.31908675799087,55.087323059360735,57.89780479452055,1017.4340182648402,,,82.28949771689497,8.3125399543379,240.70570776255707,,0.8402309058614565,,,,49.912100456621005,802,Clouds,scattered clouds,03d
1999,South Lake Tahoe,38.939926,-119.97718699999999,43.77904165255673,9298.548464062034,29.9079309177108,40.72338977311209,41.69702675245513,46.25107348459194,1017.7331527260413,,,62.99887120442488,5.40358844113331,177.3441697708545,25.571826086956523,0.6028260869565217,1.8,0.8346802325581395,,39.30240433457501,802,Clouds,scattered clouds,03d
2000,Eureka,40.802071,-124.163673,53.229168845935185,8823.204419889502,49.07210460488914,51.85771688459352,50.98071859010801,55.7600386583286,1017.8193291642979,,,86.1515633882888,8.04518362706083,217.14974417282548,,0.7192563600782779,,,,59.45321205230245,802,Clouds,scattered clouds,03d
2000,Fresno,36.737798,-119.78712500000002,63.05453219156359,8760.995301225037,48.60050322444233,62.022799450259015,62.02313458082249,64.06855692990803,1015.6870705148535,,,64.27391901892378,5.326357965958346,196.05370546569404,22.9813698630137,1.0628142076502733,2.8652777777777776,,,34.41716883391479,721,Haze,haze,50d
2000,Los Angeles,34.054908,-118.242643,67.41447859744991,,55.727786885245905,67.41667577413479,64.46058629326048,69.77194672131148,1015.0948315118397,,,69.50865209471768,3.9920195810564665,163.66894353369764,,0.7245989304812834,,,,36.79007285974499,803,Clouds,broken clouds,04d
2000,Palm Springs,33.830296,-116.545292,72.49341407938132,9976.909175162187,43.24153872398499,70.96824519504152,69.13307403616513,76.43794723075173,1014.1431820766519,,,39.010235414534286,5.389127715228022,189.77118162174457,25.389785276073617,0.4693362831858407,1.8466666666666667,,,13.600022745365631,800,Clear,sky is clear,01d
2000,Riverside,33.980601,-117.375494,63.71506028169014,8780.103935418769,49.55803605633803,62.86258478873239,61.89302985915493,65.46188619718309,1015.1660845070422,,,63.96033802816901,3.7489701408450706,158.52574647887323,21.603734439834025,0.6513175675675675,1.45,,,30.085971830985915,501,Rain,moderate rain,10d
2000,San Francisco,37.774929,-122.419415,57.63235883424408,,52.23034722222222,56.832996357012746,56.25822176684881,58.998705601092894,1016.9042577413479,,,83.26867030965391,8.091142987249546,232.4714253187614,,0.755703125,,,,53.48497267759563,802,Clouds,scattered clouds,03d
2000,South Lake Tahoe,38.939926,-119.977187,44.104124748490946,9426.37758327255,30.8034942991281,41.32197742007601,42.03963000223564,46.54411245249273,1017.4126984126984,,,64.67594455622624,4.968257321708026,170.31265369997763,23.85793388429752,0.5973993288590604,1.1166666666666665,0.8318124207858048,2.011111111111111,42.167896266487816,802,Clouds,scattered clouds,03d
2001,Eureka,40.802071,-124.163673,52.55578815203744,9020.083333333334,48.31565003994977,50.82138112087661,50.31488871133432,55.175144389909825,1017.4990297911197,,,85.91804588517293,8.725336148841457,219.22805615797284,,0.7809018181818181,,,,60.53715329300308,800,Clear,sky is clear,01d
2001,Fresno,36.737798,-119.787125,64.46092113768584,8898.203748280604,47.86877289377289,63.20524563671622,63.36570243482008,65.53227106227106,1015.1167851756087,,,60.45906054729584,5.210385692738634,187.7147166558931,22.32988372093023,0.8661678321678321,2.4075757575757577,,,33.68939883645766,721,Haze,haze,50d
2001,Los Angeles,34.054908,-118.242643,65.87294452023647,8483.85336637753,56.034415643474304,65.8600363801728,62.84754547521601,68.85548544793087,1015.0774215552524,,,73.13267394270123,3.9507946793997273,150.6419963619827,17.557,1.0446893787575149,2.546666666666667,,,35.53763074124602,804,Clouds,overcast clouds,04d
2001,Palm Springs,33.830296,-116.545292,72.42026842584167,9929.559415833974,43.28148202911738,70.81250227479526,69.08109645131938,76.33929481346678,1013.9920382165606,,,39.69051410373066,5.622653548680619,203.42868516833485,23.4800796812749,0.6827415143603134,2.0470588235294116,,,13.236123748862603,803,Clouds,broken clouds,04d
2001,Riverside,33.980601,-117.375494,63.323542934415144,8502.448456854923,50.64236533693937,62.56097588460671,61.4371906693712,65.1077935542033,1015.0681766959657,,,66.99560513860716,4.027135451881903,177.99740815866576,21.793913043478263,0.8072727272727273,2.596078431372549,,,30.65156637367591,804,Clouds,overcast clouds,04d
2001,San Francisco,37.774929,-122.419415,57.577440639269405,,51.87926598173516,56.57395776255708,56.22471232876712,58.92211757990867,1016.3205479452055,,,82.29212328767123,8.224013698630136,236.38424657534247,,0.7843532338308458,,,,53.58093607305936,800,Clear,sky is clear,01d
2001,South Lake Tahoe,38.939926,-119.977187,44.49344801634233,8814.097622820918,28.614031824534994,41.17730996667025,42.24875174712397,47.08807225029567,1016.9839802171809,,,59.745833781313834,5.440922481453606,133.5154284485539,22.524675438596493,0.8005925925925926,1.408695652173913,0.658886925795053,1.919230769230769,37.8925921943877,800,Clear,sky is clear,01d
2002,Eureka,40.802071,-124.163673,52.319515981735165,9074.714285714286,48.1956803652968,50.726390410958906,50.1107899543379,54.78416095890411,1017.8392694063926,,,86.337100456621,8.40497488584475,215.63333333333333,,1.036290064102564,,0.20333333333333334,,54.14360730593607,800,Clear,sky is clear,01d
2002,Fresno,36.737798,-119.78712500000002,63.511356205635614,8688.535981474884,47.2728780382878,62.287889868788994,62.38447085394709,64.62506883200689,1015.6366960636697,,,60.78511507851151,5.210829210582921,199.6556248655625,22.521506849315067,0.8701363636363637,2.10188679245283,0.34,,32.158958915895894,804,Clouds,overcast clouds,04d
2002,Los Angeles,34.054908,-118.242643,65.19466274332278,9046.083994480856,52.4329606156632,64.72010638297873,62.24967519239475,68.58910479855138,1015.3149615210502,,,66.92700316885468,3.1359619737437754,84.58567224988683,18.053947368421053,1.0864963503649634,1.919230769230769,,,30.684133091896786,803,Clouds,broken clouds,04d
2002,Palm Springs,33.830296,-116.545292,72.35623916020081,9960.794012162794,39.86267115472387,70.41243496120492,69.00351780009127,76.23069146508443,1014.0879735280694,,,34.153925148334096,5.458277042446371,181.7935874030123,24.106094276094275,0.36266272189349114,1.75,,,10.968051118210862,802,Clouds,scattered clouds,03d
2002,Riverside,33.980601,-117.375494,62.986746563671474,8776.68131630223,48.11935590139725,61.99690446438714,61.154929001476766,64.72549244575713,1015.2327615585596,,,62.42519595592412,4.018322162899012,159.0210155628763,21.37030821917808,0.6173809523809524,1.7,,,26.255026695444734,721,Haze,haze,50d
2002,San Francisco,37.774929,-122.419415,57.223788812785386,,51.63171461187215,56.32971461187214,55.82059360730594,58.60106392694064,1016.9004566210045,,,82.70353881278538,7.785110730593608,236.486301369863,,0.829040404040404,,,,51.2412100456621,804,Clouds,overcast clouds,04d
2002,South Lake Tahoe,38.939926,-119.97718700000001,44.04866405143293,9120.715891405845,27.704049253568705,40.79399694889398,41.789994551596386,46.65310450038139,1017.4869783153536,,,58.48338236896589,5.225186880244088,128.27677890378118,23.679720837487537,0.6943958333333333,1.4074074074074074,0.693263964950712,1.493548387096774,33.79742835349243,800,Clear,sky is clear,01d
2003,Eureka,40.802071,-124.163673,53.96427168949772,9207.022677395757,49.61569406392694,52.705351598173515,51.911329908675796,56.275293378995435,1017.1711187214612,,,85.74828767123287,8.205925799086758,212.05342465753424,,0.7701440922190202,,,,57.301940639269404,500,Rain,light rain,10d
2003,Fresno,36.737798,-119.78712500000002,64.61112275772638,8969.548346055979,48.54484439161443,63.57655068078669,63.53442619407823,65.67541603630863,1015.1416684676897,,,61.060082126647934,5.163026799221958,197.49686622001298,22.7714,0.8021131447587354,2.2216216216216216,,,36.90155608385563,802,Clouds,scattered clouds,03d
2003,Los Angeles,34.054908,-118.242643,66.27688871385169,9077.244953350297,54.175729717564984,66.10998762236974,63.38557668504557,69.52869584786768,1014.6269832339373,,,68.61584336671542,2.880264431191628,75.72983008889389,19.177472527472528,1.2330979498861048,4.917142857142857,,,28.754472825475414,804,Clouds,overcast clouds,04d
2003,Palm Springs,33.830296,-116.545292,73.10261631213741,9956.583793463662,45.28641906495279,71.9993845978842,69.7104402229553,77.01876578318735,1013.8202707314299,,,41.42725514730975,5.386508929587078,178.95939028551928,23.266959999999997,0.7696057347670251,1.4949999999999999,,,14.588215220111477,803,Clouds,broken clouds,04d
2003,Riverside,33.980601,-117.375494,64.07821650299131,8786.291149710505,49.99500056439779,63.3329992098431,62.255292922451744,65.83795236482673,1014.6662151484367,,,64.09188395981488,3.75199909696354,146.57545998419687,22.647135135135137,0.9220884955752213,3.175757575757576,,,28.28411784625804,803,Clouds,broken clouds,04d
2003,San Francisco,37.774929,-122.419415,58.19162557077626,,52.61405479452055,57.43131164383561,56.78300684931507,59.57863356164384,1016.475799086758,,,82.78219178082192,7.946770547945206,234.46518264840182,,0.6832650273224044,,,,49.24897260273973,802,Clouds,scattered clouds,03d
2003,South Lake Tahoe,38.939926,-119.977187,44.12527526355021,9158.487519260401,29.77163986795868,41.01021616441274,41.9315110211905,46.69338302630178,1017.1358747737195,,,62.68437866041955,5.120955169843467,125.85507400702801,23.142521572387345,0.6250086655112651,2.3233333333333333,0.5683500455788514,1.3289473684210527,34.394313704610795,804,Clouds,overcast clouds,04d
2004,Eureka,40.802071,-124.16367300000002,54.31958674863388,8980.559875583203,50.32336293260473,53.11365551001821,52.118317395264114,56.79776980874317,1017.5527094717669,,,86.76354735883424,8.21255806010929,217.5724043715847,,0.8450965824665676,,,,54.52367941712204,501,Rain,moderate rain,10d
2004,Fresno,36.737798,-119.787125,64.11159166221272,8879.27977404676,46.437604489577765,62.76048637092464,62.9987055050775,65.19572100481025,1015.1192944949225,,,58.95628006413683,5.523228220203101,188.67867450561198,21.700833333333335,0.9699099099099098,2.2767857142857144,,,34.19743452699091,804,Clouds,overcast clouds,04d
2004,Los Angeles,34.054908,-118.242643,65.92581319910515,9116.47571318427,53.10789821029083,65.47520022371366,63.17170246085011,69.07763758389261,1014.768903803132,,,66.84295302013423,2.8465480984340044,67.67035794183445,18.117727272727272,1.6284989429175476,3.0625,,,29.42404921700224,800,Clear,sky is clear,01d
2004,Palm Springs,33.830296,-116.545292,72.10575243267708,9931.30944031421,43.6453767820774,70.51927132835482,68.84318850418647,76.09233084408237,1013.8935279474995,,,40.684770310024895,5.424935505770536,172.97329712604662,23.399174603174604,0.6952293577981652,2.6599999999999997,,,12.464811043222449,800,Clear,sky is clear,01d
2004,Riverside,33.980601,-117.375494,63.793613331832,9165.138232084395,48.86589010246593,62.79663438801937,61.888884134669524,65.61277558833466,1014.8067785159329,,,62.7862853282288,4.252210336673798,148.02184438689338,22.63040201005025,1.0351524879614766,3.411363636363636,,,23.81319671208197,804,Clouds,overcast clouds,04d
2004,San Francisco,37.774929,-122.419415,58.40283925318761,,52.577890482695814,57.670959699453554,56.99650956284153,59.77979394353369,1016.435223132969,,,82.19216757741349,8.116705373406193,233.574339708561,,0.824294670846395,,,,49.29007285974499,804,Clouds,overcast clouds,04d
2004,South Lake Tahoe,38.939926,-119.97718700000001,42.97685208730663,8986.656605362909,28.895675990675993,39.7329476584022,40.67906865861411,45.72691777919051,1017.0289256198347,,,63.138270820089005,5.507022674295402,122.04291163382072,23.609849354375896,0.611630648330059,2.0974358974358975,0.8606122448979592,2.9246753246753245,30.811718584445856,600,Snow,light snow,13d
2005,Eureka,40.802071,-124.163673,54.1901506849315,8554.344122657581,50.07829452054794,53.06676712328767,51.9847899543379,56.65021004566211,1016.6607305936074,,,86.3697488584475,7.906480593607307,208.1939497716895,23.619864864864866,0.9200847457627119,,,,59.515182648401826,501,Rain,moderate rain,10d
2005,Fresno,36.737798,-119.78712499999999,65.03643090806543,9126.985328916233,47.97600676818951,63.84342583192329,63.92871517202482,66.11888212069938,1014.5921037789058,,,59.23767625493514,5.630301184433164,191.68133107727016,21.620671641791045,0.7740399002493765,1.7769230769230768,,,36.18962210941906,802,Clouds,scattered clouds,03d
2005,Los Angeles,34.054908,-118.24264299999999,65.85183421318656,9015.761311378134,52.87638324160395,65.36519824778165,63.049736044030105,69.05390093227003,1014.5450971582612,,,66.81781421992586,2.83853869482197,69.42412669886555,18.209787234042555,1.0898625954198473,4.683333333333333,,,29.810513310120186,802,Clouds,scattered clouds,03d
2005,Palm Springs,33.830296,-116.545292,72.07251922207146,9852.534535794184,43.52376639529625,70.57832428765263,68.77938263229308,76.06395183175033,1013.7059023066486,,,41.78165988240615,5.268816146540027,172.82779285391226,23.993556851311954,0.7826722338204593,2.591891891891892,,,15.942899140660336,500,Rain,light rain,10d
2005,Riverside,33.980601,-117.375494,64.02817266349852,9150.208116358413,48.82145394885721,63.10052161122426,62.194839330165195,65.79170853134192,1014.5864448970356,,,62.61688164743155,4.1604310930074675,148.33650147092104,22.524827586206897,0.9751413881748071,3.28,,,27.97103417062684,800,Clear,sky is clear,01d
2005,San Francisco,37.774929,-122.419415,58.0379897260274,,52.60287214611872,57.28248173515981,56.72375570776256,59.340187214611866,1016.0046803652968,,,83.01095890410959,8.090414383561644,228.27214611872145,,0.7278224101479915,,,,53.03299086757991,500,Rain,light rain,10d
2005,South Lake Tahoe,38.939926,-119.977187,43.499231183955146,8958.5137414966,30.533326504205306,40.32200668535691,41.29273883976709,46.02380202717274,1016.5887427215872,,,65.0598447271943,5.40286607720509,113.23204658184171,23.89658978583196,0.7927085590465872,2.0647058823529414,0.7676293103448276,2.722950819672131,34.664006901013586,800,Clear,sky is clear,01d
2006,Eureka,40.802071,-124.163673,53.44709474885845,8780.756013745704,48.67624429223745,51.9219006849315,51.09303881278539,56.08463470319635,1017.0490867579908,,,84.37648401826485,8.83856392694064,217.8503424657534,23.263655913978493,0.8742605233219568,,,,55.728995433789954,501,Rain,moderate rain,10d
2006,Fresno,36.737798,-119.787125,64.90273386183466,9351.041211923766,46.62571800679502,63.59811098527746,63.72208720271801,66.0390362400906,1015.0105322763307,,,57.29026047565119,5.291457531143828,190.21415628539071,21.38059405940594,0.8972398843930636,2.6544117647058822,,,35.78142695356738,802,Clouds,scattered clouds,03d
2006,Los Angeles,34.054908,-118.242643,66.75928595715743,9312.55075474311,50.72303751558427,66.16629377762665,64.01846764139181,69.87088745324719,1014.7944009973932,,,60.20412558086819,2.1562699761985717,58.886999886659865,19.395454545454545,0.7748809523809523,3.6370370370370373,,,26.012694094979032,500,Rain,light rain,10d
2006,Palm Springs,33.830296,-116.545292,72.7464186258845,9987.834776334776,38.65630107281443,70.8125119835654,69.46661606939055,76.76677585026249,1013.932321387811,,,33.90835425701894,5.414933805067337,187.06562428669253,24.433188405797104,0.4787280701754386,0.85,,,16.506961880849122,803,Clouds,broken clouds,04d
2006,Riverside,33.980601,-117.375494,64.52036697247706,9444.175239446613,46.042970891380676,63.35631668365614,62.663610827953335,66.27503341261752,1014.830898176464,,,56.65885151206252,4.459289840299014,152.83067165024352,22.66673866090713,0.6225975975975976,1.9600000000000002,,,24.589647751727263,701,Mist,mist,50d
2006,San Francisco,37.774929,-122.419415,57.4458401826484,,51.51315410958904,56.56167922374429,56.08725684931507,58.779176940639275,1016.4254566210045,,,81.56837899543379,7.723350456621005,230.86575342465753,,0.765679012345679,,,,51.275,801,Clouds,few clouds,02d
2006,South Lake Tahoe,38.939926,-119.97718700000001,43.45829951166576,9054.158686730507,28.914047748236573,39.93960716223548,41.251535539880635,46.00896039066739,1017.0147585458492,,,61.79305480195334,5.590795442213782,117.85523602821486,23.440290964777947,0.5846101231190151,1.7930232558139534,0.7216208791208791,2.1953125,29.84525230602279,601,Snow,snow,13d
2007,Eureka,40.802071,-124.163673,53.01245547945205,8930.762489044697,48.93099429223744,51.44507305936073,50.885643835616435,55.34767808219178,1018.7558219178082,,,86.37568493150685,8.205165525114156,226.45319634703196,23.244255319148937,0.7686152748037116,,,,56.08413242009132,800,Clear,sky is clear,01d
2007,Fresno,36.737798,-119.78712499999999,66.35543181818183,9184.527989585271,43.94059204545455,64.71635568181819,65.05157159090909,67.49902954545455,1015.18125,,,50.42602272727273,5.357819318181818,208.41215909090909,22.77188775510204,0.7578891820580476,2.756521739130435,,,28.936363636363637,721,Haze,haze,50d
2007,Los Angeles,34.054908,-118.242643,66.36201112877583,9392.783771251932,49.44774358392006,65.59212923007041,63.34222916193505,70.04755507608449,1014.8775834658188,,,58.554848966613676,2.2779775153304564,71.65761980467863,20.41166666666667,0.5420588235294117,1.5538461538461539,,,24.86781739722916,800,Clear,sky is clear,01d
2007,Palm Springs,33.830296,-116.545292,73.01531007751939,9968.159795695003,37.99046853625171,70.99569539443684,69.7140788873689,77.07457364341086,1013.8147514819882,,,32.42384860921113,5.2961092111263115,180.39626082991336,25.306109589041096,0.6505,3.6285714285714286,,,14.537163702690378,803,Clouds,broken clouds,04d
2007,Riverside,33.980601,-117.375494,64.54565019357777,9416.40457746479,45.03601002049647,63.320099066271915,62.75683443406969,66.27882145297198,1014.7938966066955,,,54.181963106353905,4.099248462764746,168.44739239353223,22.362521994134898,0.4314031180400891,0.95,,,24.639375996356183,800,Clear,sky is clear,01d
2007,San Francisco,37.774929,-122.419415,57.28930251141552,,51.2061095890411,56.28249885844749,55.90556849315069,58.654276255707764,1017.2308219178083,,,81.21221461187214,8.362061643835617,246.1214611872146,,0.6230462184873949,,,,46.73812785388128,803,Clouds,broken clouds,04d
2007,South Lake Tahoe,38.939926,-119.97718700000001,43.829510474090405,9327.140160183066,27.875941565600883,40.712074972436604,41.618135611907384,46.45778169790518,1017.5508269018743,,,58.77078280044101,5.045148842337376,112.10099228224917,23.24997844827586,0.5744247787610619,2.076923076923077,0.699296987087518,2.715151515151515,24.82337375964719,803,Clouds,broken clouds,04d
2008,Eureka,40.802071,-124.16367300000002,51.58127276867031,8613.107822410147,47.41207194899818,49.7054929417122,49.528196721311474,53.96069672131148,1018.3565573770492,,,86.0957422586521,8.306557377049181,220.56079234972677,,0.7527864406779661,,0.13,,55.635132058287795,800,Clear,sky is clear,01d
2008,Fresno,36.737798,-119.787125,65.0017515274949,9148.56206050695,44.02312061552388,63.43559515727541,63.8289024666214,66.18028739533831,1014.8744059742023,,,52.10432224485178,5.264858565286263,195.69336954062004,24.359111111111112,0.7649411764705882,1.7138888888888888,,,29.817379497623897,800,Clear,sky is clear,01d
2008,Los Angeles,34.054908,-118.242643,66.82690096208263,9486.551403228152,49.72005998868138,66.01724052065647,63.95113865308433,70.31111262026033,1014.4187889077533,,,58.540350877192985,2.1851986417657043,63.206112054329374,19.555909090909093,0.8508767772511848,2.125,,,24.670288624787776,800,Clear,sky is clear,01d
2008,Palm Springs,33.830296,-116.545292,72.78869224656601,9971.51952219647,38.835949597003065,70.90001475763424,69.62291747076854,76.83985696446817,1013.7223294358043,,,34.75888296060847,5.023941423544103,180.22329435804292,24.80930585683297,0.773411078717201,3.65,,,16.478374389828584,800,Clear,sky is clear,01d
2008,Riverside,33.980601,-117.375494,65.05785916770608,9575.639280677009,46.80479986393016,63.89611293797482,63.284670597573424,66.7944052613675,1014.4713686358998,,,57.002948180065765,3.554350833427826,152.0895793173829,21.46454545454546,0.8233333333333333,2.59375,,,24.831046603923348,800,Clear,sky is clear,01d
2008,San Francisco,37.774929,-122.419415,57.266213570127505,,50.66966757741348,56.089549180327865,55.8901548269581,58.64399817850638,1016.6633652094717,,,80.01104280510019,8.413128415300546,245.99772313296904,,0.7406219312602291,,,,44.88695355191257,801,Clouds,few clouds,02d
2008,South Lake Tahoe,38.939926,-119.977187,43.65016368230254,9066.472076023392,26.943126441832362,40.48782379435351,41.34924420520707,46.43065472921015,1017.1341316049654,,,57.51982862792486,4.960840382291552,110.65494891793914,24.29510395707579,0.7057177615571777,2.194594594594595,0.6607142857142857,3.131707317073171,26.455344391958693,800,Clear,sky is clear,01d
2009,Eureka,40.802071,-124.163673,53.07827397260274,8699.83136593592,48.70543264840183,51.42102283105022,50.79047488584475,55.64468607305936,1017.6699771689498,,,85.50502283105023,8.288490867579908,221.23002283105023,23.30920353982301,0.7591615180935569,,,,53.31929223744292,800,Clear,sky is clear,01d
2009,Fresno,36.737798,-119.787125,65.66973147518695,9322.830453059318,44.418827328348065,64.08525492861999,64.40016995241332,66.88157829141174,1014.6452526625878,,,52.68354860639021,5.275992522093814,191.4670292318151,22.89617857142857,0.8534644194756554,2.645,,,33.151824155903014,800,Clear,sky is clear,01d
2009,Los Angeles,34.054908,-118.242643,66.44582727272727,9546.404355503237,49.99994090909091,65.67430113636364,63.62384431818182,69.77173977272727,1014.511590909091,,,59.63840909090909,2.0471670454545454,62.19159090909091,20.529,0.7404775280898876,4.132,,,26.369318181818183,721,Haze,haze,50d
2009,Palm Springs,33.830296,-116.545292,72.51217346706179,9985.731548353004,39.14482220196034,70.5231604741281,69.33752222475496,76.45828812400273,1013.596991110098,,,34.91064508775929,4.921797355824025,182.65979028949167,24.563638613861382,0.6557201646090535,2.325,,,16.658536585365855,802,Clouds,scattered clouds,03d
2009,Riverside,33.980601,-117.375494,64.51874021109977,9671.500239043824,45.70011122460561,63.28209737827716,62.68649415503348,66.2717444103961,1014.5403472931563,,,55.808875269549425,3.915360345023266,128.97673362841903,20.803118466898955,0.6434416826003824,1.9428571428571428,,,23.84065372829418,800,Clear,sky is clear,01d
2009,San Francisco,37.774929,-122.419415,57.312446347031965,,51.34853082191781,56.265100456621006,55.96298630136987,58.64615410958904,1016.3222602739726,,,81.52728310502283,8.478302511415524,236.80799086757992,,0.7459399684044233,,,,47.84577625570776,802,Clouds,scattered clouds,03d
2009,South Lake Tahoe,38.939926,-119.97718700000001,43.653141054030115,9296.42127412567,28.282466784765276,40.69653786536758,41.174657883082375,46.82149357838795,1017.0398582816651,,,59.47287422497786,4.6603808680248004,110.29041186891054,23.401442953020133,0.6460538116591928,2.121818181818182,0.6591767881241565,1.9149999999999998,29.028565101860053,802,Clouds,scattered clouds,03d
2010,Eureka,40.802071,-124.163673,52.456824563406,8779.83193277311,48.15540577559639,50.891916447894076,50.68035954799681,54.68954343111517,1016.1256705855496,,,85.71464444698094,9.303205113571511,216.58657687478598,21.16951289398281,0.8208287568647029,,,,63.179773998402005,500,Rain,light rain,10d
2010,Fresno,36.737798,-119.78712500000002,64.15996951219512,9354.90284029179,46.650520551038845,62.79612579042457,63.07130081300812,65.2299672538392,1014.1769421860886,,,58.72922312556459,5.393425925925926,188.4351851851852,22.58808823529412,0.9054976303317536,2.318987341772152,,,40.677845528455286,802,Clouds,scattered clouds,03d
2010,Los Angeles,34.054908,-118.242643,65.19835723890633,9406.548003738817,50.2529448677723,64.38449462124608,62.56764455401166,68.19278686687585,1014.1419766920664,,,61.99114746750336,1.968181308830121,52.57608695652174,19.886601941747575,0.911307371349096,4.36595744680851,,,31.537651277454056,800,Clear,sky is clear,01d
2010,Palm Springs,33.830296,-116.545292,71.5360159090909,9938.64486664231,41.312844318181824,69.7455875,68.44102386363636,75.37811818181818,1013.0718181818182,,,39.25181818181818,4.754217045454546,182.06738636363636,24.701749347258488,0.8098319327731093,2.015625,,,19.59465909090909,802,Clouds,scattered clouds,03d
2010,Riverside,33.980601,-117.375494,63.14868812157783,9537.443910007758,47.05375684434015,62.003754609453566,61.33983685327969,64.9334998323835,1014.0945357023131,,,60.224494356911386,3.766004022795843,128.12269527321487,20.828312236286923,0.8737823834196892,1.947674418604651,,,28.116549335121242,800,Clear,sky is clear,01d
2010,San Francisco,37.774929,-122.419415,57.230203196347034,,51.78152397260274,56.326189497716896,55.94393150684932,58.492390410958905,1015.5848173515982,,,82.94954337899543,8.350448630136986,235.56712328767122,,0.7996157840083074,,,,56.574543378995436,804,Clouds,overcast clouds,04d
2010,South Lake Tahoe,38.939926,-119.977187,42.59368727116089,8691.70931196463,29.206483954339863,39.448636657333616,40.184694163256516,45.684556321343955,1015.6018737884988,,,63.68759422786991,5.001612104242946,112.73691578720654,24.240277580071172,0.8086709539121115,2.705102040816327,0.6567365542388333,2.0842105263157893,37.14710316605643,803,Clouds,broken clouds,04d
2011,Eureka,40.802071,-124.163673,52.40942922374429,8959.11517925248,48.15165296803653,50.71075342465753,50.18941552511416,54.779662100456626,1018.1205479452054,,,85.81986301369864,8.533705479452054,222.1013698630137,22.801176470588235,0.7013865814696486,,,,58.69783105022831,500,Rain,light rain,10d
2011,Fresno,36.737798,-119.787125,63.63775164735287,9272.781011673153,45.48771301976823,62.25664053624176,62.45906044080891,64.8269722790275,1015.2748239036582,,,56.97739150193138,5.136057714155874,187.9060440808907,22.63689075630252,0.9083763837638376,2.082692307692308,,,34.65280618041354,802,Clouds,scattered clouds,03d
2011,Los Angeles,34.054908,-118.242643,64.90530457427536,9653.745983167559,49.903623188405795,64.21015851449275,62.073671875,68.25746150362319,1014.9564085144928,,,62.20301177536232,2.130210597826087,68.15489130434783,20.56921875,0.7850835322195704,5.617857142857143,,,27.262794384057973,800,Clear,sky is clear,01d
2011,Palm Springs,33.830296,-116.545292,71.17471487226278,9979.117885430098,39.38563982664233,69.33638914233576,68.02281135948905,75.07824931569343,1014.0221259124088,,,36.81307025547445,4.858811587591241,182.171875,24.266196868008947,0.6203061224489796,1.45625,,,15.08953010948905,800,Clear,sky is clear,01d
2011,Riverside,33.980601,-117.375494,63.07182932364957,9737.825381369685,45.435620744439404,61.86210054471175,61.27831820245121,64.82587267362688,1014.9571039491602,,,57.02802995914662,3.76052315024966,128.26645483431685,21.432066666666667,0.6329109589041096,1.7808510638297872,,,25.285292782569226,803,Clouds,broken clouds,04d
2011,San Francisco,37.774929,-122.419415,56.61617808219178,,50.71582077625571,55.59090296803653,55.238108447488585,57.983413242009135,1016.7884703196347,,,81.80216894977168,7.958496575342465,233.00319634703197,,0.6841298342541436,,,,51.20365296803653,500,Rain,light rain,10d
2011,South Lake Tahoe,38.939926,-119.977187,42.35504248979141,9156.854340506514,28.118298201081558,39.35001655446419,39.91805209138064,45.508723098995695,1017.1983224809624,,,60.69374241253725,4.79450060699702,112.52256925284185,24.24309923664122,0.6213228346456693,2.0723404255319147,0.7264956195244056,2.907142857142857,29.225361439134755,804,Clouds,overcast clouds,04d
2012,Eureka,40.802071,-124.16367300000002,51.93665072859745,8758.221833449965,47.07272540983607,50.043905965391616,50.46760815118397,54.54942281420765,1017.5371129326047,,,83.8981102003643,8.024409153005465,215.01878415300547,8.009721936148301,0.8406006322444679,,0.19666666666666666,,62.56215846994535,801,Clouds,few clouds,02d
2012,Fresno,36.737798,-119.787125,66.25218403798327,9429.854782294055,45.84902441781596,64.71254013113271,63.767107167081164,67.7060434094506,1014.87791092019,,,53.8808501017409,5.720562966312458,177.17736830205743,23.592564102564104,0.8559098786828423,2.4881355932203393,,,37.21365588966765,721,Haze,haze,50d
2012,Los Angeles,34.054908,-118.242643,64.57890102465939,9548.399828241934,49.91894493863304,63.78365949780431,62.871142889314264,67.28547123071726,1014.7347145591713,,,63.381938970836615,1.7865353000788198,50.591600045039975,6.162475570032574,0.5567391304347826,2.7960000000000003,,,27.47697331381601,800,Clear,sky is clear,01d
2012,Palm Springs,33.830296,-116.545292,75.81613453016703,9992.222296395194,38.98322463356437,73.75839904556301,73.7554630155664,78.24433700715828,1013.7685490285195,,,31.32007726394728,5.81230996477673,187.18816043631406,19.174190476190475,0.6117529880478089,0.8857142857142858,,,12.257243495057379,800,Clear,sky is clear,01d
2012,Riverside,33.980601,-117.375494,65.60676872669755,9706.120503597122,45.16316235453621,64.27730877866907,63.976627499717544,67.41168455541747,1014.7003728392272,,,53.65314653711445,4.131751214552028,119.96486272737543,20.201057579318448,0.5288204225352112,1.8916666666666666,,,26.417805897638686,800,Clear,sky is clear,01d
2012,San Francisco,37.774929,-122.419415,56.87982809653916,,50.50124089253188,55.834455828779596,55.208221766848816,58.46143556466302,1016.6064435336976,,,80.3981102003643,7.950886839708561,238.56136156648452,11.128834586466164,0.8349929873772791,,,,51.18613387978142,804,Clouds,overcast clouds,04d
2012,South Lake Tahoe,38.939926,-119.977187,45.30557949397856,9239.353803734804,27.884279085183955,42.05058446580489,43.03347364932051,47.723644901115904,1016.8433322284831,,,55.49740360181195,5.637646668876367,104.96784885647995,24.71708432304038,0.8118218623481781,2.5073529411764706,0.6429777777777778,1.7969696969696969,26.821014252568776,800,Clear,sky is clear,01d
2013,Eureka,40.802071,-124.163673,51.123828767123285,8747.643564356436,44.95721575342466,49.17786872146119,49.94267237442922,53.528571917808215,1019.0831050228311,,,80.62625570776255,6.828616438356164,208.16598173515982,8.754297709923664,0.6228824833702883,,0.395,,52.33744292237443,804,Clouds,overcast clouds,04d
2013,Fresno,36.737798,-119.787125,66.35828740605784,9502.122380842735,43.97700182190845,64.82689250740151,64.45572762468686,67.2197232976543,1015.087565474835,,,49.88749715326805,5.353960373491232,171.04691414256433,21.829020408163263,0.7192857142857143,0.7823529411764706,,,33.04110680938283,802,Clouds,scattered clouds,03d
2013,Los Angeles,34.054908,-118.242643,64.1940452118596,9682.224149976711,48.181412018630006,63.321000795183465,62.69545495853686,66.40688856071793,1014.8411905032375,,,60.665682153811204,1.654984664318982,47.866068385777574,7.26161733615222,0.5540350877192982,2.71,,,26.760422583210268,800,Clear,sky is clear,01d
2013,Palm Springs,33.830296,-116.545292,74.3929073736914,9971.76357980378,36.94628584433318,72.33183659535732,71.85344105598544,77.18179221665908,1014.0389167045972,,,30.170459717796994,6.076941283568503,180.2707100591716,20.22123724489796,0.5771323529411765,2.1727272727272724,,,11.604460628129267,800,Clear,sky is clear,01d
2013,Riverside,33.980601,-117.375494,65.47580527752503,9807.3475797512,43.51862147406733,64.06781733393994,63.7395746132848,67.18435395814376,1014.7968607825296,,,51.2216787989081,4.200567561419472,110.68892174704277,19.913931034482758,0.47326241134751773,1.67037037037037,,,22.82995905368517,801,Clouds,few clouds,02d
2013,San Francisco,37.774929,-122.419415,57.48135730593607,,50.03693378995433,56.4003698630137,55.870851598173516,59.06744063926941,1017.1122146118721,,,77.96347031963471,6.9574783105022835,230.35125570776256,7.383908216136195,0.5247933884297521,,,,43.74554794520548,804,Clouds,overcast clouds,04d
2013,South Lake Tahoe,38.939926,-119.97718699999999,44.31058478211786,9652.199062011465,26.02466809663581,41.683872205915556,41.80385640099345,46.9042571686611,1017.9963874463762,,,53.125423346127796,4.344444569880334,84.0505757507338,22.88455538221529,0.5045109780439122,1.3439024390243903,0.53931654676259,1.1647058823529413,19.620117407992776,800,Clear,sky is clear,01d
2014,Eureka,40.802071,-124.163673,54.89334360730594,8834.416372618207,48.536789954337905,53.6953299086758,53.51286643835617,56.809924657534246,1016.9583333333334,,,80.58744292237444,6.997328767123287,185.30205479452056,9.118539719626169,0.9440490797546013,,,,59.00673515981735,801,Clouds,few clouds,02d
2014,Fresno,36.737798,-119.787125,68.84139827625312,9397.586563007659,45.39014969380812,67.24659900204128,67.36726468586981,69.91917781809934,1014.3203674302563,,,49.61113631208891,5.7682739850306195,176.26094352460876,23.24792682926829,0.9278802992518703,3.3446808510638295,,,39.46507144477206,721,Haze,haze,50d
2014,Los Angeles,34.054908,-118.242643,67.18127934671656,9644.699123319697,51.48208574345015,66.49924917772485,65.2833424067143,69.7562266076897,1014.347737325621,,,61.8320290348191,2.0135907905183172,54.94635363502325,7.485291214215203,0.9171130952380951,2.0833333333333335,,,22.31507315413406,800,Clear,sky is clear,01d
2014,Palm Springs,33.830296,-116.545292,76.72978919781221,9975.744443094862,38.36333409298086,74.6719177301732,74.0859708295351,79.62032247037374,1013.7357566089335,,,30.061189608021877,6.130481996353692,179.7511394712853,20.48232709519935,0.6193814432989692,0.8666666666666666,,,11.810278030993619,800,Clear,sky is clear,01d
2014,Riverside,33.980601,-117.375494,67.76050243847114,9825.332310959066,45.29864693206306,66.47265509810593,65.96761370080526,69.41234433480776,1014.3819893387773,,,51.903368492684585,4.605505273902688,118.84802086877623,21.594321940463065,0.8847402597402597,1.146153846153846,,,20.501984802086877,800,Clear,sky is clear,01d
2014,San Francisco,37.774929,-122.419415,60.30531278538813,,53.56744063926941,59.7476095890411,58.842359589041095,61.72334132420091,1016.0864155251141,,,80.0,7.015199771689498,226.3167808219178,9.55268465909091,0.8836086956521738,,,,53.526826484018265,800,Clear,sky is clear,01d
2014,South Lake Tahoe,38.939926,-119.97718699999999,47.546129176444296,9655.242141623488,28.27234774835177,44.81674600514024,45.98293217119231,48.75761425857638,1017.0174321153202,,,52.41926472231534,5.140759861437033,101.39758632249413,22.59972151898734,0.7916432865731462,2.5559139784946234,0.6737248322147651,1.47,23.278131634819534,800,Clear,sky is clear,01d
2015,Eureka,40.802071,-124.163673,55.22602511415525,9036.270190895742,51.215965753424655,54.22959132420091,52.89595091324201,57.51485388127854,1017.2353881278539,,,86.84326484018266,8.001941780821918,220.61027397260273,,0.9050938337801608,,,,57.00057077625571,800,Clear,sky is clear,01d
2015,Fresno,36.737798,-119.787125,67.71232207615594,9346.218513764084,46.86229601087942,66.2972858114234,66.18622393472349,68.91963395285585,1014.4695149592022,,,54.42429737080689,5.442352674524026,204.0444242973708,21.99582524271845,0.7447138964577656,2.135897435897436,,,29.407298277425205,802,Clouds,scattered clouds,03d
2015,Los Angeles,34.054908,-118.242643,69.4421983151184,9618.36988280623,51.473436930783244,68.94669968123863,66.68892418032787,72.45516051912568,1014.2218806921676,,,57.38035063752277,2.3994125683060106,77.4837204007286,20.92205882352941,0.5436332179930796,2.9000000000000004,,,26.71106557377049,800,Clear,sky is clear,01d
2015,Palm Springs,33.830296,-116.545292,74.29968272083998,9995.187004481213,41.151418625884496,72.61235106140151,70.98639009358594,78.34511641177814,1013.7080575211139,,,34.7838393060945,5.371997260899338,186.5307007532527,24.088333333333335,0.575114503816794,1.48,,,17.795937000684773,803,Clouds,broken clouds,04d
2015,Riverside,33.980601,-117.375494,67.1270674386921,9813.31890938687,45.7419459582198,65.86625454132606,65.31471957311535,68.91983083560399,1014.3040417801998,,,51.810853769300635,4.52166553133515,125.60797002724796,21.130192307692308,0.6559599332220367,2.0677419354838706,,,25.552565849227975,802,Clouds,scattered clouds,03d
2015,San Francisco,37.774929,-122.419415,59.780873287671234,,53.68068835616439,59.19867237442922,58.40592694063927,61.146583333333325,1016.2055936073059,,,81.45639269406392,7.4870799086758,231.8840182648402,,0.8257911392405063,,,,49.39794520547945,800,Clear,sky is clear,01d
2015,South Lake Tahoe,38.939926,-119.977187,45.54527572293208,9567.09048004315,29.070678099080922,42.8790215198386,42.847188971082716,48.90798699843084,1017.0566016588209,,,57.44978704326384,4.486777628334454,105.3269446312486,24.145815899581592,0.7386060606060606,3.1919354838709677,0.5525260416666666,1.6199999999999999,28.557722483748037,800,Clear,sky is clear,01d
2016,Eureka,40.802071,-124.163673,54.29046784291406,8929.095730027548,49.897354581673305,53.08169948776323,52.87947524188959,55.92916676152532,1017.3685828116107,,,85.54547524188959,8.56781673306773,216.16254980079682,,1.013316645807259,,0.23,,59.876835515082526,800,Clear,sky is clear,01d
2016,Fresno,36.737798,-119.78712499999999,66.08733363359981,9467.914962593517,47.98998311001013,64.7490541605675,65.08808580114852,67.16182862290282,1015.0467289719626,,,59.01632699020381,5.869190406485756,194.33847539691476,23.231555555555556,0.9436213235294119,2.6166666666666667,,,24.841909694854184,800,Clear,sky is clear,01d
2016,Los Angeles,34.054908,-118.242643,66.59758659596073,9660.000251667296,51.126337583211104,65.89878032268983,64.7337334988153,68.78286810335102,1014.8809658129302,,,62.51483696265373,2.0439016134491705,53.53300236940088,20.97741935483871,0.7794545454545454,3.836,,,28.11192598442965,800,Clear,sky is clear,01d
2016,Palm Springs,33.830296,-116.545292,75.30422391279664,9958.502057613168,40.049998864539575,73.19297149994323,72.58221301237653,78.35280004541842,1014.145452480981,,,33.32780742591121,6.287077324855229,190.82990802770524,16.741265028750654,0.815939226519337,2.21,,,14.59804700806177,800,Clear,sky is clear,01d
2016,Riverside,33.980601,-117.375494,66.78880203045685,9784.461358024691,45.53294303440496,65.40741567963903,64.87434066553864,68.61893062605752,1014.9178793006204,,,52.92058657642414,4.756724196277496,122.86847151720248,21.41166857142857,0.7012537764350454,2.2473684210526317,,,26.695657078398195,800,Clear,sky is clear,01d
2016,San Francisco,37.774929,-122.419415,59.18715619307832,,53.52243169398907,58.55132741347905,57.85319216757741,60.48420765027323,1016.6739526411658,,,82.42600182149363,8.149162112932606,233.00603369763206,,0.8189864029666254,,,,53.56921675774135,800,Clear,sky is clear,01d
2016,South Lake Tahoe,38.939926,-119.977187,45.140548546352164,9452.90633277149,28.504791003839827,41.996572682391665,43.460760285244106,47.10705979155238,1017.1631376851344,,,58.14273176083379,5.74723532638508,104.73987931980253,25.182846195949644,0.8431512605042016,3.3692307692307693,0.6985530546623794,1.7750000000000001,26.49094898518925,804,Clouds,overcast clouds,04d
2017,Eureka,40.802071,-124.163673,52.82882191780822,8955.342522398347,48.572680365296804,51.31214497716895,51.82111301369863,54.44041780821918,1017.1884703196347,,,85.98607305936073,8.60651484018265,214.66780821917808,,0.8618714768883878,,0.126,,58.895890410958906,800,Clear,sky is clear,01d
2017,Fresno,36.737798,-119.787125,65.8282944082641,9537.735360871538,47.3560532225466,64.53462721760611,65.31196609027621,66.75966539411633,1014.7142375926342,,,57.36896474286998,6.777116550640018,189.59443072086233,20.557316455696203,0.9288027210884353,2.6959999999999997,,,22.060857848641366,500,Rain,light rain,10d
2017,Los Angeles,34.054908,-118.24264300000002,67.96756644144143,9585.676945141628,52.2363277027027,67.50752477477477,65.57998536036037,70.851134009009,1014.4585585585586,,,62.05945945945946,1.9092533783783785,49.35912162162162,20.46735849056604,0.7457723577235773,1.7135135135135136,,,25.953265765765767,500,Rain,light rain,10d
2017,Palm Springs,33.830296,-116.545292,76.07920190995908,9961.014704034184,40.763083219645296,74.2168860845839,72.64510800363801,79.57219645293316,1013.7164620281947,,,33.781150522964985,6.049405411550705,171.0018190086403,24.868109833971904,0.9632302405498282,4.647368421052631,,,7.982264665757162,500,Rain,light rain,10d
2017,Riverside,33.980601,-117.375494,67.10765196797114,9796.833999529743,47.7491812337882,66.0758948911695,65.17244614864103,68.89540656366302,1014.5301680387955,,,56.98782000676666,5.076709146272696,127.61396188113228,22.15630359212051,0.7467868338557994,2.6795918367346943,,,25.523175820457876,500,Rain,light rain,10d
2017,San Francisco,37.774929,-122.419415,59.35837100456621,,52.72237442922374,58.65407648401827,57.955984018264836,60.72050342465753,1016.1768264840183,,,80.05262557077626,8.266307077625571,236.6876712328767,,0.9173859432799013,,,,51.71198630136986,800,Clear,sky is clear,01d
2017,South Lake Tahoe,38.939926,-119.97718699999999,44.60500212269157,9056.698076296056,30.7481033750796,41.19843982169391,43.54331033750796,45.59801846741668,1016.8825090214392,,,63.213224368499255,5.863947144979835,101.88505625132669,25.22946224877784,0.9791439114391144,4.376991150442477,0.9600665778961385,2.631372549019608,31.319889620038207,800,Clear,sky is clear,01d
2018,Eureka,40.802071,-124.163673,52.76901484018265,8942.735648476259,48.53138698630137,51.197616438356164,51.310851598173514,54.60323401826484,1018.2840182648401,,,85.99326484018265,8.604415525114154,218.62077625570777,9.243006993006993,0.8583374083129585,,,,58.88938356164383,804,Clouds,overcast clouds,04d
2018,Fresno,36.737798,-119.78712500000002,65.78655678059536,9166.380396083667,46.44443329658214,64.30818522601984,65.34550716648292,67.46082028665931,1014.7700110253584,,,56.339911797133404,6.47880815876516,199.55226019845645,19.163220858895706,0.8703252032520324,2.57,,,25.01234840132304,721,Haze,haze,50d
2018,Los Angeles,34.054908,-118.242643,67.34218262050237,9572.318356559346,52.432801538809684,66.92371237836615,64.78937768725956,70.46160782982575,1014.8017651052274,,,62.86094138945463,1.7386795655125595,44.45055442407784,9.332786069651743,0.7449751243781095,2.4592592592592593,,,26.798936410952706,721,Haze,haze,50d
2018,Palm Springs,33.830296,-116.545292,75.90939949863264,9975.809564895846,39.66599134001823,74.03769029170465,72.58428896991795,79.28214106654512,1014.0330446672743,,,31.536349134001824,6.081415223336372,170.73370556061988,22.902770419426048,0.6063740458015268,2.6625,,,6.889813126709207,800,Clear,sky is clear,01d
2018,Riverside,33.980601,-117.375494,66.86614444192891,9813.584203036053,46.007398686891555,65.64969436268962,64.80189155535432,68.70253565768621,1014.8246547430383,,,53.653045053203535,5.171216889291374,135.36404799637762,20.42397479954181,0.7420072332730561,2.0342857142857143,,,26.032714512112292,803,Clouds,broken clouds,04d
2018,San Francisco,37.774929,-122.419415,58.58297488584475,,52.19732648401827,57.80013470319635,57.19471575342466,59.94943721461187,1016.7380136986301,,,80.53447488584474,8.08332876712329,239.74075342465753,,0.727906976744186,,,,50.29269406392694,802,Clouds,scattered clouds,03d
2018,South Lake Tahoe,38.939926,-119.97718700000001,44.8944166392273,9385.214549938348,29.126656788497417,41.95574470420371,43.84501371967951,45.901335747996924,1017.4886401053672,,,59.85929096696301,4.905371528921084,93.2074415541653,22.777685118619697,0.8293444909344491,3.5509803921568626,0.6983280757097792,2.1214285714285714,25.94523103940292,803,Clouds,broken clouds,04d
2019,Eureka,40.802071,-124.163673,53.43995662100457,9042.670759785111,48.71660159817352,51.98105821917808,51.3412100456621,55.64096575342466,1016.544292237443,,,84.85913242009133,6.200329908675799,207.40079908675798,8.314498939554614,0.9400887049083383,,0.11,,57.705479452054796,800,Clear,sky is clear,01d
2019,Fresno,36.737798,-119.787125,64.91029071062597,9630.237255782618,47.17339051013589,63.51011249721542,61.54091334372911,67.03414903096457,1014.1424593450657,,,58.30608153263533,6.860927823568724,194.5427712185342,16.55226993865031,0.8002541436464089,1.896,,,23.8541991534863,721,Haze,haze,50d
2019,Los Angeles,34.054908,-118.242643,63.97540294481286,9607.905284031262,50.44571653366303,63.220936270653034,61.36113746206587,66.88011464538609,1014.5418680454086,,,65.16140272001799,2.8219579633584355,114.51478026301001,6.614810857637886,1.2886168910648714,3.586111111111111,,,31.020681128470272,804,Clouds,overcast clouds,04d
2019,Palm Springs,33.830296,-116.545292,73.89232473993668,9892.182775784235,39.92468227046585,71.72718792401628,71.78830845771145,75.36271257349615,1013.8337856173677,,,35.80031659882406,6.274145183175034,183.2224106739032,16.802459016393442,0.9058361774744028,1.9428571428571428,,,9.466078697421981,500,Rain,light rain,10d
2019,Riverside,33.980601,-117.375494,64.67481510533393,9687.555769230768,46.73609031824294,63.4281241595697,62.53087068579112,67.58615755266696,1014.5717167189601,,,58.16629314208875,5.6646190049305245,168.5952487673689,11.931249173826833,1.2815269461077843,2.4225352112676055,,,31.664500224114747,802,Clouds,scattered clouds,03d
2019,San Francisco,37.774929,-122.419415,58.78349771689498,,50.02084817351598,57.84900799086758,57.050310502283104,60.429906392694065,1015.4425799086758,,,76.4208904109589,5.41549200913242,230.19269406392695,7.927712276906436,0.8342080152671756,,,,51.47511415525114,801,Clouds,few clouds,02d
2019,South Lake Tahoe,38.939926,-119.977187,42.687187234944865,9089.680163687271,29.91340330788804,39.16866518235793,40.9189100932994,45.284970313825276,1016.2822307039864,,,64.92546649703138,5.945747455470738,119.61651823579305,18.867641614216957,0.8091604754829124,1.7776119402985073,0.7268485418626529,2.6456140350877195,31.768871925360475,804,Clouds,overcast clouds,04d
2020,Eureka,40.802071,-124.16367300000002,53.46261953551913,8579.090183559458,47.469150728597455,52.20976206739526,51.37218237704918,55.830655737704916,1018.8852459016393,,,81.36407103825137,4.685132058287795,206.02538706739526,5.693502040816326,0.828957055214724,,0.23,,53.48542805100182,801,Clouds,few clouds,02d
2020,Fresno,36.737798,-119.78712499999999,67.86464364585424,8983.548589664402,47.78409455932544,66.55175968680987,65.62574181891186,69.3010630395503,1014.920799036338,,,54.000301144348526,5.737723348725155,205.4219032322827,6.94547123623011,0.7660598503740649,2.3239130434782607,,,37.7085926520779,800,Clear,sky is clear,01d
2020,Los Angeles,34.054908,-118.242643,65.99578618495796,9543.026446280992,49.80631674619405,65.1339229720518,63.39406044080891,69.43838218586686,1015.0024994319473,,,59.89627357418768,2.235265848670757,102.97307430129516,1.5441637261820746,0.867125,2.78695652173913,,,23.521017950465804,800,Clear,sky is clear,01d
2020,Palm Springs,33.830296,-116.545292,76.43274244833069,9975.234806302571,38.82090392913923,74.14585509879628,74.46306722689076,78.17776402452873,1014.2510788099023,,,30.532023620258915,6.20524415171474,183.39234612764025,14.503047138047139,0.7189152542372882,1.6071428571428572,,,4.957188280717692,800,Clear,sky is clear,01d
2020,Riverside,33.980601,-117.375494,67.15872240277933,9795.23009653606,45.903687100750865,65.8266670402331,65.15042474504091,69.42559004819007,1015.062422951922,,,52.55440995180993,5.899094474952371,170.3202958646195,4.512526718416019,1.6097452229299365,2.5305555555555554,,,19.26224364003138,800,Clear,sky is clear,01d
2020,San Francisco,37.774929,-122.419415,59.14625683060109,,51.631171448087436,58.44315232240437,57.224172358834245,60.97092896174863,1017.1470856102004,,,77.8910519125683,4.230836748633879,239.86008652094716,7.588882717368083,0.7956410256410257,,,,47.05851548269581,803,Clouds,broken clouds,04d
2020,South Lake Tahoe,38.939926,-119.97718700000001,45.43803051926666,9373.100516042181,29.17794488966956,42.31944121198814,43.3265649357778,48.4848391700516,1018.105829399495,,,57.48841804808431,5.419295202546932,109.90405093863212,4.37430552372221,0.5686768802228412,1.5047619047619047,0.6307426597582038,2.116129032258064,23.28663958722143,800,Clear,sky is clear,01d
2021,Eureka,40.802071,-124.163673,52.68985844748858,9072.686230248308,47.29722831050228,51.16481278538813,50.55181164383561,55.029471461187214,1018.1562785388128,,,82.65205479452055,5.603711187214612,231.5170091324201,8.049192689850958,0.8045931405514459,,,,55.59554794520548,804,Clouds,overcast clouds,04d
2021,Fresno,36.737798,-119.787125,68.14958086280923,9143.6501146789,46.72446636679616,66.61941934164793,65.88330096094867,69.76546922919648,1014.3548354119812,,,52.271928031077486,5.907624207728481,216.75894500102228,4.075378749364515,1.043372319688109,3.1283050847457625,,,36.279901860560216,804,Clouds,overcast clouds,04d
2021,Los Angeles,34.054908,-118.242643,65.09987581846917,9518.112942447988,49.22973357417024,64.20677918265974,63.41521901106345,68.54511063445473,1014.9112666516144,,,60.567396703544816,2.103941070219011,101.80774441183111,2.4369408983451537,1.321853546910755,4.545384615384615,,,28.843757055768798,800,Clear,sky is clear,01d
2021,Palm Springs,33.830296,-116.545292,76.49900889598541,9988.146036916396,38.991748403284674,74.39329835766422,74.67741332116788,78.29315807481753,1013.9091012773723,,,30.043681569343065,6.1545015967153285,195.74213047445255,9.134506141248721,0.5484935897435897,2.0488888888888885,,,8.341012773722628,800,Clear,sky is clear,01d
2021,Riverside,33.980601,-117.375494,66.76095739859505,9728.8271637122,47.089983004758665,65.64652843870383,64.74294130976659,68.99263992748698,1014.8873782007704,,,55.129617040561975,5.941829820983458,181.84579651031044,8.375854709222635,1.2190721649484537,2.215897435897436,,,21.13086335825969,800,Clear,sky is clear,01d
2021,San Francisco,37.774929,-122.419415,57.50496917808219,,51.20729908675799,56.754658675799085,55.766291095890416,59.18421689497717,1016.7455479452054,,,80.80353881278539,4.670351598173516,237.91598173515982,7.833773422356235,1.3129430894308944,,,,50.96803652968037,803,Clouds,broken clouds,04d
2021,South Lake Tahoe,38.939926,-119.977187,45.97000987708516,8965.054020871701,29.485055970149254,42.68329345917471,44.000395083406495,48.8546202809482,1017.0794556628622,,,57.41033801580333,5.5189980245829675,119.31266461808605,10.447766064257028,0.8917067583046965,3.0716666666666668,0.7295874822190611,2.9404347826086954,31.18887181738367,800,Clear,sky is clear,01d
2022,Eureka,40.802071,-124.163673,53.24837785388127,,48.22681392694064,51.944695205479455,50.98159474885845,55.49871689497717,1018.8259132420092,,,83.61506849315069,4.9864132420091325,193.07260273972602,7.890635349172067,0.6443066764490096,,0.25,,55.49668949771689,500,Rain,light rain,10d
2022,Fresno,36.737798,-119.78712500000002,67.10733551198257,9422.429013939081,46.54492265795207,65.69918954248367,64.62318082788671,68.74111328976035,1015.0460784313725,,,53.33616557734205,5.836636165577342,212.60599128540306,9.975781741867786,0.832562358276644,2.2637837837837838,,,33.85032679738562,803,Clouds,broken clouds,04d
2022,Los Angeles,34.054908,-118.242643,66.06379181313073,9794.790665219414,49.566145821521715,65.28755981403788,64.24648826397551,69.29203084249916,1015.0037419208527,,,59.601201950334506,2.2302642022905093,113.10216577843293,4.658531986531987,1.1037026239067056,2.5580000000000003,,,25.40707563215784,800,Clear,sky is clear,01d
2022,Palm Springs,33.830296,-116.545292,76.27674991447142,9978.373594274864,39.149810696772725,74.34971376439731,74.41668947428441,78.08003307104572,1014.3584217128521,,,30.00764055194435,5.82637016763599,188.23126924392747,11.735913750441853,0.5482432432432433,1.5233333333333334,,,7.861671798380659,800,Clear,sky is clear,01d
2022,Riverside,33.980601,-117.375494,67.93841113003974,9830.985803811229,47.07897331061896,66.91533333333334,65.82302101078932,70.22702101078933,1015.0240772288472,,,52.81033503691084,6.284134014764339,177.6403180011357,11.414221272554606,0.7921493624772313,1.5833333333333333,,,18.69403747870528,800,Clear,sky is clear,01d
2022,San Francisco,37.774929,-122.419415,57.83631506849315,,51.367891552511416,57.061732876712334,56.00231735159817,59.58640639269406,1017.3223744292237,,,80.26187214611872,4.971041095890411,235.34155251141553,7.881612195121951,1.3190598290598292,,,,47.739155251141554,801,Clouds,few clouds,02d
2022,South Lake Tahoe,38.939926,-119.977187,44.5141296398892,9367.798923743274,28.94847867036011,41.39065484764543,42.677227700831025,47.66244210526315,1018.09108033241,,,58.586260387811635,5.269834903047092,120.17130193905817,19.49141870105942,1.108501400560224,3.4368292682926826,0.6970962199312715,3.4716666666666667,24.314016620498617,600,Snow,light snow,13d
2023,Eureka,40.802071,-124.163673,53.258624429223744,9549.222797927461,49.07204908675799,52.144124429223744,51.20602397260274,55.44154566210046,1016.8650684931507,,,86.41769406392694,4.654364155251142,159.48527397260273,7.00679076128248,0.9376241771394375,,0.5966666666666668,,58.21552511415525,802,Clouds,scattered clouds,03d
2023,Fresno,36.737798,-119.787125,64.51178740690588,9715.989165329052,47.93819115323855,63.271283006093434,62.41034190927555,66.01417287294065,1014.6412773640262,,,59.29553148273527,5.920839539607313,197.8906567366283,6.756189090909091,0.9412656784492589,3.192837837837838,,,38.32723990069962,500,Rain,light rain,10d
2023,Los Angeles,34.054908,-118.242643,63.71423990235242,9510.884794831918,50.7283166888593,63.02604305370616,61.8020217487794,66.3963948069241,1014.9695960940968,,,66.45361739902353,2.138334442964936,96.32057256990679,3.9485525892569955,1.5715778894472363,2.4705555555555554,,,35.84897913892588,501,Rain,moderate rain,10d
2023,Palm Springs,33.830296,-116.545292,73.96656313993174,9939.221034383127,40.44634129692833,71.85327645051196,72.05059499431171,75.8273890784983,1014.0579067121729,,,34.590784982935155,6.208026166097839,193.52844141069397,11.074305516265913,0.8888270377733598,2.853666666666667,,,11.240386803185437,804,Clouds,overcast clouds,04d
2023,Riverside,33.980601,-117.375494,65.17272982062781,9673.381373725255,48.837436098654706,64.26982847533633,63.464378923766816,67.24805717488789,1015.0140134529148,,,60.82130044843049,5.628013452914798,176.0956278026906,9.855062231759655,0.9414488188976379,2.2878260869565215,,,31.378251121076232,500,Rain,light rain,10d
2023,San Francisco,37.774929,-122.419415,57.69314726027397,,51.40790525114155,56.975702054794525,55.977780821917804,59.321057077625575,1016.110502283105,,,80.58767123287672,4.4196472602739725,225.92260273972602,7.945807608046207,1.0191455696202532,,,,53.01164383561644,501,Rain,moderate rain,10d
2023,South Lake Tahoe,38.939926,-119.97718699999999,42.88052173913044,9119.639622641509,30.505465217391308,39.71871739130435,40.93777065217391,45.68219021739131,1016.9033695652174,,,65.14010869565217,5.041964130434782,113.95445652173913,15.86134291581109,1.1964082687338502,4.482972972972973,0.900349434737924,5.275272727272727,34.17695652173913,602,Snow,heavy snow,13d
2024,Eureka,40.802071,-124.16367300000002,54.52607612781954,9500.0,50.26328164160401,53.57736685463659,52.335344611528825,56.95148809523809,1016.4948308270676,,,86.26002506265664,5.097935463659148,159.10416666666666,8.758607567567568,0.9069218500797448,0.9184,0.3,,54.30184837092732,804,Clouds,overcast clouds,04d
2024,Fresno,36.737798,-119.787125,68.68269775315481,9714.242904709054,49.32666512773161,67.45718990458603,66.42996460449369,70.5156109572176,1013.4073561095722,,,56.085257002154506,6.880049245921822,206.50877192982455,13.926014705882354,0.8473399014778324,2.09265625,,,20.753924284395197,800,Clear,sky is clear,01d
2024,Los Angeles,34.054908,-118.242643,65.70618996470769,9418.386674968866,53.704167561761544,65.3436719349394,63.66185514807427,68.29412766610403,1014.1338038974989,,,67.67930029154519,2.6792189657818017,144.88200092066901,4.553107535986452,1.7219593345656192,2.8366101694915256,,,32.24367040049103,804,Clouds,overcast clouds,04d
2024,Palm Springs,33.830296,-116.545292,77.97765073414558,9956.875161987042,44.02116526085598,76.05108403623868,76.14928459856294,79.78293033427055,1012.6869728209934,,,34.8961262105592,5.3011402686660425,168.58216182442987,11.106782647989155,0.6178666666666666,2.14,,,11.083411433926898,800,Clear,sky is clear,01d
2024,Riverside,33.980601,-117.375494,67.35917179802955,9614.158594277991,53.13072660098522,67.00224445812808,65.68720751231527,69.40540486453202,1014.0808189655172,,,64.79356527093596,5.294875307881774,188.8072660098522,9.776838015540944,1.3861166429587484,2.4719753086419756,,,27.69027093596059,800,Clear,sky is clear,01d
2024,San Francisco,37.774929,-122.419415,59.12830670426065,,53.246137218045114,58.56231516290727,57.18539003759398,61.014873120300756,1015.2634711779449,,,81.74906015037594,4.751519423558897,239.54777568922304,8.188250200053348,1.1627384615384615,0.7644444444444445,,,48.53555764411028,500,Rain,light rain,10d
2024,South Lake Tahoe,38.939926,-119.97718700000001,47.915260869565216,9250.006664265129,32.14834182908546,44.79465967016492,46.086256371814095,50.78101499250375,1015.8064467766117,,,58.98245877061469,5.523596701649176,110.6247376311844,19.114451682953312,0.7650232558139535,1.1199999999999999,0.6282503770739065,2.0315151515151517,28.753073463268365,800,Clear,sky is clear,01d
